,index,query,query_cnt,p_rank1,p_rank2,p_rank3,n_rank_1,n_rank2,n_rank3
0,0,미납요금 납부 가능일 문의,49194,SKT미납센터연락처,미납이용정지,미납직권해지,요금납부일확인방법,SKT미납센터연락처,미납이용정지
1,1,미납 문의할게,27234,SKT해지미납센터연락처,SKT미납센터연락처,미납직권해지,SKT미납센터연락처,미납이용정지,과납
2,4,로밍 요금제 한눈에 보기,1125,로밍요금확인시점,로밍통화요금,로밍수신요금,,,
3,5,음성 잔여량 알려줘,1005,최근사용량확인방법,,,,,
4,6,요금 조회해줘,746,요금수납내역확인방법,요금부분납부방법,편의점요금납부,조회관련,실시간요금상세내역,자녀요금조회방법
5,7,콘텐츠 이용료 알려줘,667,콘텐츠이용료구매내역확인방법,콘텐츠이용료가능대상,콘텐츠이용료결제취소방법,부가사용금액,,
6,9,OnePass500 기간형,252,원패스제공국가,,,,,
7,10,OnePass500 기본형,223,원패스제공국가,,,원패스VIP기본형,,
8,11,상담사,198,SK텔레콤고객센터운영시간,전화상담사연결,타통신사고객센터,전화상담사연결,제조사AS센터연락처,SK텔레콤고객센터운영시간
9,12,선물받은 쿠폰 사용할래,188,데이터리필하기쿠폰유효기간,T데이터쿠폰잔액조회방법,데이터리필하기선물받은리필쿠폰소멸,T끼리데이터선물하기받은데이터사용방법,T끼리데이터선물조르기방법,T멤버십포인트선물하기
10,13,상담원,180,SK텔레콤고객센터운영시간,전화상담사연결,T멤버십구매상품(구.초콜릿)상담센터,전화상담사연결,제조사AS센터연락처,SK텔레콤고객센터운영시간
11,14,휴대폰결제,178,휴대폰결제이용가능대상,콘텐츠이용료가능대상,휴대폰결제이용동의신청방법,결제관련,앱스토어결제수단,T로밍카드결제수단
12,15,콘텐츠 이용료 한도 변경 방법 알려줘,172,콘텐츠이용료구매내역확인방법,콘텐츠이용료가능대상,콘텐츠이용료결제취소방법,데이터통화료상한제도,애플콘텐츠이용료결제이용한도,060정보료한도제
13,17,로밍 안내 방송 서비스,154,T로밍청구내역서,로밍한사람간통화요금,로밍중발신번호표시,T로밍고객센터,,
14,18,데이터 로밍 차단해줘,130,데이터로밍차단시Wi-Fi이용,데이터로밍차단시통화문자이용,데이터로밍차단해지,데이터로밍차단시통화문자이용,데이터로밍차단시Wi-Fi이용,데이터로밍차단해지
15,19,장기가입 쿠폰 사용할래,116,T데이터쿠폰사용기간,T데이터쿠폰등록기간,T데이터쿠폰등록방법,장기가입고객할인제도,유선장기일시정지,장기미사용휴대폰결제차단
16,25,청구서,52,요금안내서재발행방법,요금안내서변경방법,요금안내서발행유형자동변경해제방법,각종업무구비서류,이용계약증명서발급방법,
17,26,청구서문자,51,요금안내서재발행방법,요금안내서변경방법,요금안내서발행유형자동변경해제방법,문자메시지서비스,MMS,메시지관련
18,28,남은 약정 기간,50,일자별잔여통화안내신청방법,일자별잔여통화안내,,,,
19,29,선택약정 연장,44,선택약정할인제도만료문자발송시기,선택약정할인제도약정기간변경,선택약정할인제도가입조건,연장관련,번호변경안내서비스연장방법,선택약정할인제도약정기간변경
20,31,데이터 잔여량,39,최근사용량확인방법,T로밍데이터잔여량확인,,baro요금제잔여량확인,baroBox잔여량조회,자녀데이터사용량조회방법
21,32,요금 조회,38,실시간요금상세내역,요금수납내역확인방법,요금부분납부방법,조회관련,실시간요금상세내역,자녀요금조회방법
22,34,약정재가입,35,요금약정할인제도,,,선택약정할인제도재가입조건,,
23,35,내입금전용계좌,34,이용계약증명서발급방법,가입상담예약방법,이동전화가입제한,,,
24,37,로밍 안내 방송 서비스 가입,33,T로밍청구내역서,로밍한사람간통화요금,로밍중발신번호표시,T로밍카드등록방법,,
25,38,아리아,32,NUGU서비스음성인식기능,BtvAI셋톱박스음성인식불가조치방법,소리샘서비스비밀번호,알버트AI,,
26,40,11월요금,24,요금납부일확인방법,,,,,
27,42,청구요금,24,요금안내서재발행방법,,,,,
28,43,휴대폰 결제,22,휴대폰결제이용가능대상,휴대폰결제이용동의신청방법,자동휴대폰결제차단방법,결제관련,앱스토어결제수단,T로밍카드결제수단
29,44,재약정,22,요금약정할인제도,,,선택약정할인제도재가입조건,,
30,45,이동전화 가입,22,이용계약증명서발급방법,가입상담예약방법,이동전화가입제한,휴대폰개통일확인방법,신규가입구비서류,개통관련
31,46,가상계좌보내주세요,20,차상위계층한부모가족복지할인제도,,,채팅플러스계좌송금서비스,,
32,48,약정할인신청,20,요금약정할인제도,,,데이터결합약정할인신청방법,요금약정할인제도,
33,49,납부방법,20,요금부분납부방법,요금수납내역확인방법,기타요금,결제관련,편의점요금납부,단말기할부금중도납부방법
34,51,선물 받은 쿠폰,18,데이터리필하기선물받은리필쿠폰소멸,데이터리필하기쿠폰유효기간,데이터리필하기쿠폰사용내역확인방법,T끼리데이터선물조르기방법,T끼리데이터선물하기받은데이터사용방법,T로밍카드선물
35,53,번호도용,18,번호이동제도,번호도용문자차단신청방법,번호도용문자차단,명의도용,번호도용문자차단,
36,54,당월요금,18,부가사용금액,과납,요금납부일확인방법,,,
37,55,계좌번호 주세요,17,SK텔레콤고객센터운영시간,전화상담사연결,타통신사고객센터,,,
38,56,데이터 쿠폰,16,T데이터쿠폰사용기간,T데이터쿠폰등록기간,T데이터쿠폰등록방법,Btv쿠폰,T쿠폰,
39,57,타인카드결제,16,동일신용카드월5회수납제한,제휴카드할인,,타사고객baroBox이용,T로밍카드타인양도,
40,58,로밍서비스,16,T로밍청구내역서,로밍한사람간통화요금,로밍통화요금,T로밍카드,가족로밍,T로밍고객센터
41,59,세븐틴,16,SK세븐모바일,,,0틴플랜요금제,0틴5G요금제,
42,60,휴대폰 결제 문의 안내,16,휴대폰결제이용가능대상,휴대폰결제이용동의신청방법,,결제관련,앱스토어결제수단,T로밍카드결제수단
43,61,또 누구는 내가 너무 착하대,16,NUGU디바이스적색등오류,NUGU서비스스마트폰연결방법,NUGU서비스앱디바이스연결실패조치방법,,,
44,64,계좌번호 알려주세요,15,SK텔레콤고객센터운영시간,,,,,
45,65,선택약정할인 연장,14,선택약정할인제도만료문자발송시기,선택약정할인제도가입조건,선택약정할인제도할인반환금부과대상,연장관련,번호변경안내서비스연장방법,선택약정할인제도약정기간변경
46,69,소액결제한도,14,휴대폰결제이용가능대상,휴대폰결제이용제한방법,자동휴대폰결제차단방법,애플콘텐츠이용료결제이용한도,법인휴대폰결제이용한도,데이터통화료상한제도
47,70,소액결제 한도,14,휴대폰결제이용가능대상,자동휴대폰결제차단방법,휴대폰결제이용동의신청방법,법인휴대폰결제이용한도,애플콘텐츠이용료결제이용한도,데이터통화료상한제도
48,72,약정가입,12,요금약정할인제도,,,데이터결합약정할인신청방법,가입상담예약방법,요금약정할인제도
49,73,요금안내서,12,요금안내서변경방법,요금안내서발행유형자동변경해제방법,요금안내서재발행방법,유선요금안내서,요금안내서변경방법,각종업무구비서류
50,74,10월달요금,12,요금납부일확인방법,과납,,T아이폰케어10,NewT아이폰케어10,
51,76,상담사 불러,12,SK텔레콤고객센터운영시간,전화상담사연결,타통신사고객센터,전화상담사연결,제조사AS센터연락처,SK텔레콤고객센터운영시간
52,77,콘텐츠 이용료,12,콘텐츠이용료구매내역확인방법,콘텐츠이용료가능대상,콘텐츠이용료결제취소방법,,,
53,79,부탁드려요,11,전화상담사연결,,,퀵보이스신청방법,퀵보이스,퀵보이스차단서비스
54,80,요금청구서,11,요금안내서재발행방법,요금안내서변경방법,요금안내서발행유형자동변경해제방법,각종업무구비서류,이용계약증명서발급방법,T로밍청구내역서
55,81,일본 로밍,10,T로밍청구내역서,로밍한사람간통화요금,로밍중발신번호표시,,,
56,83,일본로밍,10,T로밍청구내역서,,,,,
57,85,계좌번호 302 0028 3069 61,10,휴대폰결제대행사연락처,타통신사고객센터,SK텔레콤고객센터운영시간,,,
58,86,휴대폰결제한도변경,10,콘텐츠이용료가능대상,휴대폰결제이용동의신청방법,휴대폰결제이용가능대상,애플콘텐츠이용료결제이용한도,법인휴대폰결제이용한도,데이터통화료상한제도
59,87,자녀 선택약정,10,선택약정할인제도약정기간변경,요금약정할인제도,,선택약정할인제도가입조건,,
60,88,t올케어 해지,10,단말보험해지방법,단말보험가입방법,휴대폰보험보상신청방법,T아이폰케어해지방법,ZEM플러스웅진스마트올해지방법,오토콜해지방법
61,89,소액결제 한도 상향,10,휴대폰결제이용가능대상,자동휴대폰결제차단방법,휴대폰결제이용제한방법,애플콘텐츠이용료결제이용한도,데이터통화료상한제도,법인휴대폰결제이용한도
62,90,번호도용차단,10,번호도용문자차단신청방법,번호도용문자차단,,휴대폰결제이용차단,번호도용문자차단,
63,91,제주신항,10,제주도프리,,,,,
64,92,가상계좌번호 주세요,10,차상위계층한부모가족복지할인제도,,,,,
65,93,미납요금납부가능일등록,10,SKT미납센터연락처,미납직권해지,SKT해지미납센터연락처,요금납부일확인방법,,
66,96,25일 납부가능,9,요금납부일확인방법,,,,,
67,98,11월27일 납부가능합니다.,9,요금납부일확인방법,,,,,
68,99,계좌번호 보내주세요,9,SK텔레콤고객센터운영시간,,,,,
69,101,장기 가입 쿠폰 사용할게,8,T데이터쿠폰등록방법,T데이터쿠폰사용기간,T데이터쿠폰등록기간,장기가입고객할인제도,유선장기일시정지,장기일시정지
70,102,콘텐츠이용료,8,콘텐츠이용료구매내역확인방법,콘텐츠이용료가능대상,콘텐츠이용료결제취소방법,,,
71,103,카드로 납부,8,요금부분납부방법,요금수납내역확인방법,편의점요금납부,결제관련,OK캐쉬백납부,T로밍카드결제수단
72,104,타인카드납부,8,동일신용카드월5회수납제한,제휴카드할인,,T로밍카드타인양도,타사고객baroBox이용,
73,105,핸드폰결제,8,휴대폰결제이용가능대상,콘텐츠이용료가능대상,휴대폰결제이용동의신청방법,결제관련,앱스토어결제수단,T로밍카드결제수단
74,106,상담사와,8,SK텔레콤고객센터운영시간,전화상담사연결,타통신사고객센터,전화상담사연결,제조사AS센터연락처,SK텔레콤고객센터운영시간
75,107,미납날짜 말일로 변경가능할까요?,8,SKT미납센터연락처,미납이용정지,,,,
76,108,01094203667 1기가 선물,8,T끼리데이터선물하기받은데이터사용방법,T끼리데이터선물하기연령,T끼리데이터선물하기대상,T끼리데이터선물조르기방법,T로밍카드선물,T끼리데이터선물하기받은데이터사용방법
77,110,약정 가입,8,요금약정할인제도,,,데이터결합약정할인신청방법,가입상담예약방법,요금약정할인제도
78,111,t전화 해제,8,T전화이용방법,T전화설정방법,T전화모드유지,비밀번호통화서비스해지방법,T전화탈퇴및서비스미사용,T전화
79,113,음성 잔여량,8,최근사용량확인방법,,,,,
80,114,요금제 해지,8,이동전화해지방법,자동납부해지방법,유선해지방법,Btv월정액해지방법,이동전화해지방법,T아이폰케어해지방법
81,117,계좌 번호,8,SK텔레콤고객센터운영시간,타통신사고객센터,전화상담사연결,단말기일련번호확인방법,,
82,118,카드수납,8,동일신용카드월5회수납제한,,,결제관련,단말기할부금중도납부방법,OK캐쉬백납부
83,120,휴대폰 결제 한도,8,휴대폰결제이용가능대상,휴대폰결제이용동의신청방법,자동휴대폰결제차단방법,법인휴대폰결제이용한도,애플콘텐츠이용료결제이용한도,데이터통화료상한제도
84,121,미납요금 납부 가능일 등록,8,SKT미납센터연락처,미납이용정지,SKT해지미납센터연락처,요금납부일확인방법,,
85,122,홍콩에서 3일간 로밍을 하고 싶은데 어떤 서비스가  좋은지 알려주세요?,8,T로밍청구내역서,로밍문자요금,로밍한사람간통화요금,,,
86,123,소액결제 한도변경,8,휴대폰결제이용가능대상,휴대폰결제이용동의신청방법,,데이터통화료상한제도,애플콘텐츠이용료결제이용한도,법인휴대폰결제이용한도
87,124,미납요금 납부가능일 등록,8,SKT미납센터연락처,미납이용정지,SKT해지미납센터연락처,요금납부일확인방법,,
88,125,내요금제,8,과납,부가사용금액,,Btv요금제,요금제문의,
89,126,즉시결제,8,휴대폰결제이용가능대상,휴대폰결제이용동의신청방법,,,,
90,127,약정할인 연장,8,요금약정할인제도,,,연장관련,번호변경안내서비스연장방법,T데이터쿠폰사용기간
91,130,우체국,7,영업장위치확인,,,,,
92,132,부가서비스요금,7,부가서비스가입내역확인방법,,,부가사용금액,,
93,133,요금납부 전용계좌,7,요금수납내역확인방법,기타요금,요금부분납부방법,,,
94,134,미납 납부가능일 문의,7,SKT미납센터연락처,미납이용정지,미납직권해지,요금납부일확인방법,,
95,135,미납가능일,7,SKT미납센터연락처,미납이용정지,미납직권해지,미납이용정지,,
96,138,장기 가입 쿠폰,6,T데이터쿠폰사용기간,T데이터쿠폰등록방법,T데이터쿠폰등록기간,장기가입고객할인제도,유선장기일시정지,장기일시정지
97,139,미납요금 가능일,6,SKT미납센터연락처,미납이용정지,미납직권해지,미납이용정지,SKT미납센터연락처,
98,141,청구요금알려줘,6,수납이력서재발행방법,,,,,
99,142,전체금액,6,휴대폰결제연체가산금,가산금,실시간요금상세내역,,,
100,143,상담 신청할게,6,전화상담사연결,SK텔레콤고객센터운영시간,T멤버십구매상품(구.초콜릿)상담센터,가입상담예약방법,전화상담사연결,통화중대기서비스신청방법
101,144,소액결제 한도상향,6,휴대폰결제이용가능대상,휴대폰결제이용동의신청방법,자동휴대폰결제차단방법,애플콘텐츠이용료결제이용한도,데이터통화료상한제도,법인휴대폰결제이용한도
102,145,쿠폰 사용,6,T데이터쿠폰사용기간,T쿠폰구매방법,T데이터쿠폰등록방법,Btv쿠폰,T쿠폰,
103,147,통화중,6,통화중대기서비스,통화중대기서비스신청방법,통화중대기서비스해지방법,전화관련,비밀번호통화서비스,비밀번호통화서비스이용방법
104,148,미납 요금 납부 가능일 문의,6,SKT미납센터연락처,미납이용정지,미납직권해지,요금납부일확인방법,SKT미납센터연락처,
105,149,직원상담,6,SK텔레콤고객센터운영시간,전화상담사연결,타통신사고객센터,전화상담사연결,SK텔레콤고객센터운영시간,제조사AS센터연락처
106,150,통화설정,6,전화상담사연결,,,T전화설정방법,Btv사용자맞춤설정방법,벨소리서비스설정방법
107,151,미납요금가능일,6,SKT미납센터연락처,미납이용정지,미납직권해지,미납이용정지,SKT미납센터연락처,
108,152,부과서비스,6,부가서비스가입내역확인방법,단말보험가입방법,휴대폰보험보상신청방법,,,
109,153,컨텐츠결제,6,콘텐츠이용료가능대상,콘텐츠이용료구매내역확인방법,휴대폰결제이용동의신청방법,결제관련,앱스토어결제수단,Skpay결제방법
110,154,전체요금,6,요금부분납부방법,요금수납내역확인방법,과납,,,
111,155,114가 뭐야?,6,전화상담사연결,,,T전화T114이용방법,,
112,156,연락처 가져오기,6,휴대폰결제대행사연락처,SK텔레콤고객센터운영시간,ONEstore고객센터,제조사AS센터연락처,,
113,157,신한카드,6,동일신용카드월5회수납제한,제휴카드할인,,,,
114,158,약정할인연장,6,요금약정할인제도,,,번호변경안내서비스연장방법,연장관련,분실정지수신기간연장방법
115,159,사용요금,6,부가사용금액,,,통신서비스요금,,
116,161,자녀 선택약정할인 신청,6,선택약정할인제도만료문자발송시기,선택약정할인제도가입조건,선택약정할인제도약정기간변경,선택약정할인제도가입조건,선택약정할인제도가입가능단말기조회방법,
117,162,데이터잔량,6,최근사용량확인방법,,,자녀데이터사용량조회방법,baroBox잔여량조회,baro요금제잔여량확인
118,163,브로드밴드,6,SK브로드밴드고객센터,band데이터요금제,band데이터6.5G,T플러스B인터넷,SK브로드밴드고객센터,
119,164,선택약정연장,6,선택약정할인제도만료문자발송시기,선택약정할인제도가입조건,선택약정할인제도할인반환금부과대상,번호변경안내서비스연장방법,연장관련,분실정지수신기간연장방법
120,165,데이터 속도,6,Wavve속도제어해제,Wavve속도제어해제신청방법,유선인터넷속도저하조치방법,속도관련,휴대폰데이터속도저하조치방법,유선인터넷속도저하조치방법
121,166,부가세,6,세금계산서신청방법,세금계산서재발행방법,요금부분납부방법,,,
122,169,해외전화차단,6,국제전화수신거부서비스,국제전화사업자선택,국제전화수신거부서비스신청방법,해외SMS발신금지서비스,데이터로밍차단시통화문자이용,데이터로밍차단시Wi-Fi이용
123,170,요금납부계좌,6,세금계산서재발행방법,세금계산서신청방법,기타요금,,,
124,171,근데 급여일이 오늘인 10일에서 15 일로 변경돼었습니다,6,일자별잔여통화안내날짜변경방법,,,,,
125,172,상담신청,6,전화상담사연결,SK텔레콤고객센터운영시간,T멤버십구매상품(구.초콜릿)상담센터,가입상담예약방법,통화중대기서비스신청방법,컬러링서비스신청방법
126,173,타인카드 결제,6,동일신용카드월5회수납제한,제휴카드할인,,타사고객baroBox이용,T로밍카드타인양도,
127,174,로밍하려구요,6,로밍중휴대폰기능사용요금,로밍통화요금,로밍중전화발신방법,T로밍카드,T로밍고객센터,가족로밍
128,175,미납요금납부가능일 문의,6,SKT미납센터연락처,미납이용정지,미납직권해지,요금납부일확인방법,,
129,176,통신사 확인,6,전화상담사연결,타통신사고객센터,SK텔레콤고객센터운영시간,타통신사고객센터,,
130,183,고지서,6,요금안내서발행유형자동변경해제방법,요금안내서변경방법,요금안내서재발행방법,각종업무구비서류,요금안내서발행유형자동변경해제방법,
131,184,계좌보내주세요,6,SK텔레콤고객센터운영시간,전화상담사연결,타통신사고객센터,채팅플러스계좌송금서비스,,
132,187,11월30일 납부 가능합니다,6,요금납부일확인방법,,,단말기할부금중도납부방법,,
133,189,25일 납부 가능합니다,5,요금납부일확인방법,부가사용금액,과납,,,
134,190,계좌번호주세요,5,SK텔레콤고객센터운영시간,타통신사고객센터,전화상담사연결,,,
135,191,미납일,5,SKT미납센터연락처,미납이용정지,,미납이용정지,,
136,192,요금 내려구요 가상계좌 번호 부탁요 카카오 뱅크로 알려주세요,5,차상위계층한부모가족복지할인제도,,,,,
137,193,계좌주세요,5,SK텔레콤고객센터운영시간,전화상담사연결,타통신사고객센터,,,
138,194,해외에서 사용한 금액에 대해 월별로 보내 주시면 감사드리겠습니다,5,로밍요금확인시점,로밍한사람간통화요금,로밍통화요금,T로밍청구내역서,T로밍카드내역확인,
139,195,3개월치 납입고지서를 팩스로 받고싶습니다,5,세금계산서재발행방법,세금계산서신청방법,요금부분납부방법,요금안내서발행유형자동변경해제방법,이용계약증명서발급방법,각종업무구비서류
140,196,청구서보내요,5,요금안내서재발행방법,요금안내서변경방법,요금안내서발행유형자동변경해제방법,요금안내서발행유형자동변경해제방법,각종업무구비서류,이용계약증명서발급방법
141,198,기본형,4,휴대폰기기변경방법,,,원패스VIP기본형,컬러링서비스기본음설정방법,
142,199,계좌번호 302 0028 3069 61 서영태,4,타통신사고객센터,휴대폰결제대행사연락처,SK텔레콤고객센터운영시간,,,
143,200,대리점 납부가 가능한가요,4,요금수납내역확인방법,세금계산서신청방법,편의점요금납부,휴대폰결제대행사연락처,편의점요금납부,
144,201,부가세는 4천원에서 5천으로 왜 변경된건가요!,4,선불폰,선불폰충전금액별이용기간,선불폰충전취소방법,,,
145,202,유심추가,4,USIM카드구매방법,USIM카드교품방법,USIM기기변경방법,USIM기변방법,로밍중USIM변경,
146,203,폰요금,4,부가사용금액,과납,편의점요금납부,통신서비스요금,,
147,205,약정할인이 끝났는데 약정재계약을 하고싶어요,4,요금약정할인제도,,,선택약정할인제도재가입조건,,
148,206,Girls Generation,4,다자녀할인제도,자녀요금조회방법,팅요금제자동변경시기,0청년요금제,미성년자관련,
149,207,또 누구는 내가 너무 착하데,4,NUGU디바이스적색등오류,NUGU서비스스마트폰연결방법,NUGU서비스이용대상,,,
150,210,아이폰 15,4,아이폰기기변경상담,휴대폰기기변경방법,T안심보상,TAll케어플러스i150,TAll케어플러스150,
151,211,청소년,4,팅요금제자동변경시기,미성년자요금제변경방법,가입정보조회,미성년자관련,T청소년안심서비스,미성년자요금제변경방법
152,213,기업은행이요,4,타통신사고객센터,SK텔레콤고객센터운영시간,전화상담사연결,,,
153,214,t로밍,4,로밍통화요금,로밍한사람간통화요금,데이터로밍요금,T로밍카드,가족로밍,5G로밍서비스
154,215,플로가입,4,FLO이용방법,FLO신청방법,FLO,FLO신청방법,FLO이용방법,FLO
155,218,내요금제확인,4,과납,부가사용금액,요금납부일확인방법,Btv요금제,요금제문의,법인폰현재사용중요금제확인방법
156,220,가족결합 추가,4,요즘가족결합가족추가,T끼리온가족할인제도가족추가,New온가족플랜,T끼리온가족할인제도가족추가,요즘가족결합가족추가,
157,221,요금금액,4,요금수납내역확인방법,편의점요금납부,과납,,,
158,222,핸드폰 결제한도,4,휴대폰결제이용가능대상,자동휴대폰결제차단방법,휴대폰결제이용동의신청방법,애플콘텐츠이용료결제이용한도,법인휴대폰결제이용한도,데이터통화료상한제도
159,223,상담 요금조회,4,전화상담사연결,,,조회관련,자녀요금조회방법,
160,231,2기가충전,4,팅요금충전방법,T로밍데이터충전,임대로밍반납방법,baro2GB충전,baro1GB충전,T로밍데이터충전
161,232,콘텐츠이용료 한도 변경,4,콘텐츠이용료구매내역확인방법,콘텐츠이용료가능대상,콘텐츠이용료결제취소방법,애플콘텐츠이용료결제이용한도,데이터통화료상한제도,060정보료한도제
162,233,T올케어 해지,4,단말보험해지방법,단말보험가입방법,휴대폰보험보상신청방법,T아이폰케어해지방법,ZEM플러스웅진스마트올해지방법,오토콜해지방법
163,235,30일 까지 납부 가능합니다,4,요금납부일확인방법,부가사용금액,과납,,,
164,236,납부가능일 26일,4,요금납부일확인방법,,,,,
165,238,장기 가입 쿠폰 사용할래,4,T데이터쿠폰등록방법,T데이터쿠폰사용기간,T데이터쿠폰등록기간,장기가입고객할인제도,유선장기일시정지,장기일시정지
166,239,납부기한,4,요금부분납부방법,요금수납내역확인방법,과납,요금납부일확인방법,,
167,240,21일 입금하겠습니다,4,요금납부일확인방법,,,,,
168,241,미납요금예정일,4,SKT미납센터연락처,미납이용정지,미납직권해지,미납이용정지,SKT미납센터연락처,
169,242,듀얼번호,4,넘버플러스2신청방법,넘버플러스2,넘버플러스2번호확인방법,TAll케어플러스2,넘버플러스2,컬러링플러스2
170,243,카드납부가능한가요,4,동일신용카드월5회수납제한,,,결제관련,단말기할부금중도납부방법,Skpay결제방법
171,244,미납요금 납부일 지정,4,SKT미납센터연락처,미납이용정지,SKT해지미납센터연락처,요금납부일확인방법,,
172,246,계좌번호 알려줘,4,SK텔레콤고객센터운영시간,타통신사고객센터,전화상담사연결,,,
173,247,21일 납부가능,4,요금납부일확인방법,과납,,,,
174,248,25일 납부 가능,4,요금납부일확인방법,과납,부가사용금액,,,
175,249,휴대폰결제 한도 변경,4,휴대폰결제이용가능대상,휴대폰결제이용동의신청방법,자동휴대폰결제차단방법,법인휴대폰결제이용한도,애플콘텐츠이용료결제이용한도,데이터통화료상한제도
176,250,요금 납부 계좌를 바꾸려면 어떻게 하나요?,4,세금계산서재발행방법,세금계산서신청방법,요금수납내역확인방법,,,
177,252,나는 12살,4,팅요금제자동변경시기,다자녀할인제도,자녀요금조회방법,미성년자관련,,
178,253,선택약정할인 연장해주세요,4,선택약정할인제도만료문자발송시기,선택약정할인제도가입조건,선택약정할인제도할인반환금부과대상,연장관련,번호변경안내서비스연장방법,분실정지수신기간연장방법
179,256,27일까지 납부가능할까요,4,과납,부가사용금액,편의점요금납부,,,
180,257,연락처 복원,4,휴대폰결제대행사연락처,SK텔레콤고객센터운영시간,ONEstore고객센터,,,
181,258,자녀 선택약정할인,4,선택약정할인제도약정기간변경,선택약정할인제도만료문자발송시기,,선택약정할인제도가입조건,,
182,259,입금을 잘못했어요 50만원,4,과납,세금계산서신청방법,세금계산서재발행방법,파손3i파손50,파손2i50,
183,260,연락처,4,휴대폰결제대행사연락처,SK텔레콤고객센터운영시간,ONEstore고객센터,전화상담사연결,제조사AS센터연락처,영업장위치확인
184,261,해지요청,4,이동전화해지방법,자동납부해지방법,유선해지방법,예상해지금액,이동전화해지방법,철회
185,262,단체문자,4,일500건SMS발송량제한,문자메시지서비스,스팸문자,문자메시지서비스,MMS,메시지관련
186,263,11월16일 납부가능,4,요금납부일확인방법,,,,,
187,265,데이터 얼마나 썼어?,4,데이터추가사용방법,데이터통화료상한제도,,최근사용량확인방법,자녀데이터사용량조회방법,콘텐츠이용료구매내역확인방법
188,266,"신한카드박보경님 통신요금이 승인 되지 않았습니다. 2,950원 SK텔레콤",4,동일신용카드월5회수납제한,제휴카드할인,,,,
189,267,휴대폰결제 한도,4,휴대폰결제이용가능대상,휴대폰결제이용동의신청방법,콘텐츠이용료가능대상,법인휴대폰결제이용한도,애플콘텐츠이용료결제이용한도,데이터통화료상한제도
190,268,내명의 요금,4,요금수납내역확인방법,편의점요금납부,부가사용금액,유선명의변경,명의변경,
191,269,착신전화,4,착신전환신청방법,착신전환,착신전환이용방법,착신전환,착신전환이용방법,T_착신전환
192,270,배달의 민족,4,요즘가족결합,,,,,
193,271,25일 납부 가능해요,4,요금납부일확인방법,부가사용금액,과납,,,
194,273,네 해지해주세요,4,이동전화해지방법,자동납부해지방법,유선해지방법,예상해지금액,이동전화해지방법,Btv월정액해지방법
195,274,유심인식,4,USIM기기변경방법,USIM카드구매방법,USIM카드교품방법,USIM스마트인증,NUGU서비스음성인식기능,
196,275,9월달요금,4,부가사용금액,과납,요금납부일확인방법,TTab9,T아이폰파손9,
197,276,미납금액 1월11일 납부예정,4,SKT미납센터연락처,미납이용정지,,단말기할부금중도납부방법,,
198,278,노래방,4,NUGU서비스금영노래방,BtvTV앱,,,,
199,279,국제전화 발신 해제 요청,4,국제전화발신금지,,,국제전화알림Biz레터링,국제전화청구주기,
200,280,데이터조회 문자,4,데이터통화료상한제도,,,조회관련,데이터문의관련,가입정보조회
201,281,20일에 납부가능합니다,4,과납,부가사용금액,요금납부일확인방법,,,
202,282,계좌번호좀주세요,4,SK텔레콤고객센터운영시간,타통신사고객센터,,,,
203,283,01047959340 아이폰으로 애플결제된 8천원이 무엇인지요,4,선불폰,선불폰충전금액별이용기간,선불폰충전취소방법,애플콘텐츠이용료,,
204,285,t전화해제,4,T전화이용방법,T전화설정방법,T전화,T전화탈퇴및서비스미사용,비밀번호통화서비스해지방법,이동전화해지방법
205,286,이용요금,4,과납,,,,,
206,287,로밍 이용방법,4,로밍중전화발신방법,로밍통화요금,로밍중휴대폰기능사용요금,T로밍카드,T로밍고객센터,
207,288,현지국가전화하기,4,국제전화청구주기,,,원패스제공국가,,
208,289,9월 청구요금 조회,4,요금안내서재발행방법,,,,,
209,290,미납요금 납부가능일 문의,4,SKT미납센터연락처,미납이용정지,미납직권해지,요금납부일확인방법,,
210,292,너 비트박스 할수있어?,4,Btv셋톱박스연동방법,셋톱박스,Btv블루투스연결,T플러스B인터넷,Wavve,
211,293,상담사 불러줘,4,SK텔레콤고객센터운영시간,전화상담사연결,타통신사고객센터,전화상담사연결,제조사AS센터연락처,SK텔레콤고객센터운영시간
212,294,24일 납부가능,4,요금납부일확인방법,과납,,,,
213,295,핸드폰 요금,4,요금수납내역확인방법,편의점요금납부,,통신서비스요금,,
214,296,T월드에서 문자전송할때 인증을 꼭 거쳐야하나요?,4,일500건SMS발송량제한,문자메시지서비스,등기문자,로밍중인증문자수신,Wavve부가서비스인증방법,인증관련
215,297,너는전화를받지않아,4,T전화음성으로전화하기,T전화모드유지,T전화스팸기능,휴대폰전화수신불가조치방법,,
216,298,휴대폰 결제 한도 변경,4,휴대폰결제이용가능대상,자동휴대폰결제차단방법,,법인휴대폰결제이용한도,데이터통화료상한제도,애플콘텐츠이용료결제이용한도
217,299,공중전화로,4,T_부재중안내,T_통화중대기,통화중대기서비스신청방법,,,
218,300,T전화 자동받기,4,T전화모드유지,T전화설정방법,T전화스팸기능,통신과금자동선결제신청방법,통신과금자동선결제,
219,301,전화 통화가 안돼요,4,휴대폰통화중잡음묵음조치방법,휴대폰전화수발신불가조치방법,,휴대폰전화수발신불가조치방법,집전화수발신불가조치방법,
220,302,고객센터 번호,4,SK텔레콤고객센터운영시간,타통신사고객센터,ONEstore고객센터,제조사AS센터연락처,전화상담사연결,SK텔레콤고객센터운영시간
221,304,요금 냈어요,4,요금부분납부방법,요금수납내역확인방법,편의점요금납부,요금수납내역확인방법,결제관련,
222,305,납부가능일 25일,4,요금납부일확인방법,,,,,
223,306,자녀선택약정가입,4,요금약정할인제도,선택약정할인제도약정기간변경,,Btv선택,선택약정할인제도가입조건,
224,307,20일 납부가능합니다,4,요금납부일확인방법,과납,,,,
225,308,내 요금,4,요금수납내역확인방법,편의점요금납부,요금부분납부방법,,,
226,310,미납금액이번달금액까지 알고싶어요,4,SKT미납센터연락처,미납이용정지,,미납이용정지,단말기할부금중도납부방법,
227,311,로밍방법,4,로밍중전화발신방법,로밍통화요금,로밍중휴대폰기능사용요금,T로밍카드,T로밍고객센터,5G로밍서비스
228,312,사용정지,4,착신금지서비스신청방법,착신금지서비스,착신금지서비스해지방법,정지관련,일시정지,
229,313,부모님  카드로  미납금을  낼려고하는데  따로  있어서  카드  번호만  알면 되나요,4,SKT미납센터연락처,미납이용정지,미납직권해지,,,
230,315,국제전화제한해지,4,국제전화수신거부서비스,국제전화사업자선택,국제전화알림Biz레터링,국제전화발신금지,,
231,317,활부금,4,단말기할부금중도납부방법,단말기할부,,,,
232,318,bari,4,T전화baro,T전화baro이용방법,baroYT요금제,T플러스B인터넷,,
233,319,국제전화 발신 해제,4,국제전화수신거부서비스해지방법,국제전화수신거부서비스신청방법,,국제전화알림Biz레터링,국제전화청구주기,국제전화발신금지
234,320,선물받은 쿠폰,4,데이터리필하기쿠폰유효기간,데이터리필하기선물받은리필쿠폰소멸,T데이터쿠폰잔액조회방법,T끼리데이터선물조르기방법,T끼리데이터선물하기받은데이터사용방법,T로밍카드선물
235,321,다른상담할래,4,전화상담사연결,SK텔레콤고객센터운영시간,,추가관련,,
236,323,11월 30일 납부 가능합니다.,4,과납,부가사용금액,편의점요금납부,,,
237,324,콘텐츠결제,4,콘텐츠이용료가능대상,콘텐츠이용료구매내역확인방법,휴대폰결제이용동의신청방법,결제관련,앱스토어결제수단,Skpay결제방법
238,325,10월 청구요금 조회,4,요금안내서재발행방법,,,,,
239,326,선택약정할인 기간 연장,4,선택약정할인제도만료문자발송시기,선택약정할인제도약정기간변경,선택약정할인제도가입조건,연장관련,번호변경안내서비스연장방법,선택약정할인제도약정기간변경
240,327,2023년 11월 30일 납부가능일 등록,4,요금납부일확인방법,,,,,
241,329,sk텔레콤이 뭐야,4,타통신사고객센터,전화상담사연결,T멤버십구매상품(구.초콜릿)상담센터,,,
242,330,콘텐츠이용료한도변경,4,콘텐츠이용료구매내역확인방법,구글Play스토어고객센터,콘텐츠이용료가능대상,애플콘텐츠이용료결제이용한도,데이터통화료상한제도,060정보료한도제
243,331,청구금액,4,요금안내서재발행방법,법정대리인에게미성년자청구금액SMSMMS발송,,,,
244,332,자동납부번호,4,자동납부접수번호확인방법,,,자동납부번호확인방법,법인폰자동납부내역조회방법,
245,334,괌 여행 로밍,4,0틴플랜스몰,0플랜스몰,T괌사이판요금제잔여량확인,T괌사이판요금제잔여량확인,T괌사이판옵션변경,
246,336,선물하기,4,T끼리데이터선물하기연령,T끼리데이터선물하기대상,가족간데이터자동선물하기,T끼리데이터선물조르기방법,T끼리데이터선물하기알림,T끼리데이터선물하기대상
247,337,3개월 전부터 왜 요금이 늘었어?,4,요금납부일확인방법,,,데이터추가사용방법,,
248,338,휴대폰분실보호 해지,4,분실폰찾기개인정보삭제,분실폰찾기알람,예상해지금액,휴대폰보호서비스해지방법,휴대폰번호보호해지방법,고객보호비밀번호서비스해지방법
249,339,상담사님,3,SK텔레콤고객센터운영시간,전화상담사연결,ONEstore고객센터,전화상담사연결,제조사AS센터연락처,SK텔레콤고객센터운영시간
250,340,원 패스500기본형을 기간형으로 변경신청합니다,3,원패스기준시간,원패스제공국가,,,,
251,341,콘텐츠결제연관아이디,3,콘텐츠이용료가능대상,콘텐츠이용료구매내역확인방법,휴대폰결제이용동의신청방법,T아이디,,
252,342,로밍해주세요,3,로밍통화요금,로밍한사람간통화요금,로밍중전화발신방법,T로밍카드,T로밍고객센터,가족로밍
253,343,넵 안녕하세요,3,스팸ARS차단플러스,퀵보이스이용방법,퀵보이스,퀵보이스신청방법,퀵보이스,퀵보이스차단서비스
254,344,11월27일 요금납부가능합니다. 이대진  931021입니다.,3,요금납부일확인방법,,,,,
255,345,카드사용내역 문자,3,동일신용카드월5회수납제한,,,T멤버십사용내역확인방법,콘텐츠이용료구매내역확인방법,수납이력서재발행방법
256,346,쿠폰사용할게요,3,T쿠폰구매방법,T데이터쿠폰사용기간,T쿠폰,Btv쿠폰,T쿠폰,
257,347,15일 납부가능합니다,3,요금납부일확인방법,과납,부가사용금액,,,
258,348,단체문자서비스 요금을 알고싶어요,3,문자매니저,문자메시지서비스,문자매니저신청방법,,,
259,350,요번달요금,3,편의점요금납부,부가사용금액,요금수납내역확인방법,,,
260,351,10일 납부가능합니다,3,요금납부일확인방법,과납,부가사용금액,,,
261,352,아이폰15,3,아이폰기기변경상담,휴대폰기기변경방법,T안심보상,TAll케어플러스i150,TAll케어플러스150,분실파손i150
262,353,부가서비스 요금은,3,부가서비스가입내역확인방법,단말보험가입방법,휴대폰보험보상신청방법,부가사용금액,,
263,354,미납 납부,3,SKT미납센터연락처,미납직권해지,SKT해지미납센터연락처,과납,SKT미납센터연락처,단말기할부금중도납부방법
264,355,25일까지 납부가능합니다,3,부가사용금액,과납,편의점요금납부,,,
265,356,10일에 입금하겠습니다,3,과납,요금납부일확인방법,,,,
266,357,미납요금 납부 가능일 1117일 등록 가능할까요?,3,SKT미납센터연락처,미납이용정지,SKT해지미납센터연락처,,,
267,358,연락드렸습니다,3,휴대폰결제대행사연락처,전화상담사연결,SK텔레콤고객센터운영시간,전화상담사연결,퀵보이스,퀵보이스차단서비스
268,360,11월30 일까지 납부하겠습니다,3,요금납부일확인방법,,,단말기할부금중도납부방법,,
269,361,통화조회,3,전화상담사연결,,,통화내역열람방법,,
270,362,27일 납부 가능합니다,3,요금납부일확인방법,과납,부가사용금액,,,
271,363,제가 들어져 있는 파손보험이 분실도 보장이 가능한 보험인지 확인하고 싶습니다,3,휴대폰보험보상신청방법,단말보험가입방법,단말보험해지방법,분실파손보험,,
272,364,오토레트해지,3,오토레터,오토컬러링설정방법,오토컬러링,오토레터해지방법,이동전화해지방법,철회
273,366,오늘 바로 납부 가능합니다,3,편의점요금납부,요금부분납부방법,요금수납내역확인방법,요금납부일확인방법,,
274,6422,미납요금이 얼마인지 알수있을까요,1,SKT미납센터연락처,미납이용정지,미납직권해지,미납이용정지,SKT미납센터연락처,
275,583,함께쓰기번호  핸드폰,2,Data함께쓰기신청방법,Data함께쓰기,,Data함께쓰기,TTab함께쓰기공유요금제,5G함께쓰기프로모션
276,3721,미납요금금액,2,SKT미납센터연락처,미납이용정지,SKT해지미납센터연락처,미납이용정지,SKT미납센터연락처,과납
277,5257,지난달에 해지 요청 한거 같은데 이달에 삼백원 정도 왜 청구 되나요,1,이동전화해지방법,자동납부해지방법,유선해지방법,콘텐츠이용료결제취소방법,예상해지금액,애플콘텐츠이용료결제취소방법
278,2002,무료로밍이 있다고하는데요,2,데이터로밍요금,로밍통화요금,로밍중휴대폰기능사용요금,T로밍카드,5G로밍서비스,데이터로밍요금
279,4171,자녀조회 해제,2,자녀요금통보서비스해지방법,자녀요금조회방법,자녀요금통보서비스,자녀요금조회방법,조회관련,가입정보조회
280,1765,휴대폰결제 입금,2,휴대폰결제이용가능대상,휴대폰결제이용동의신청방법,,결제관련,T로밍카드결제수단,OK캐쉬백납부
281,6553,전화가 계속 안되던데,1,휴대폰전화수신불가조치방법,휴대폰통화목소리울림조치방법,휴대폰통화중잡음묵음조치방법,집전화수발신불가조치방법,휴대폰전화수발신불가조치방법,전화관련
282,5810,인터넷은 됩니다,1,유선인터넷접속불가조치방법,,,인터넷관련,퀵보이스,퀵보이스차단서비스
283,4411,착신전화이 안됩니다,2,착신전환신청방법,착신전환,착신전환이용방법,착신전환이용방법,착신전환,T_착신전환
284,4219,부가세 취소,2,세금계산서재발행방법,세금계산서신청방법,,콘텐츠이용료결제취소방법,휴대폰결제취소방법,
285,1668,혹시라도 저 유튜버를 하고싶어서 방법을 잘 알고싶어요,2,모바일Btv앱,Btv유튜브시청방법,,Btv유튜브시청방법,,
286,2487,요금이 너무 많아 나왔는데 어디서 무엇을 썼는지 알지 못해서 영수증을 우편으로 다시 보내 줘,2,요금부분납부방법,요금수납내역확인방법,과납,요금수납내역확인방법,각종업무구비서류,수납이력서재발행방법
287,3023,공유기 전원이 안들어와요,2,유선인터넷장비전원고장조치방법,SK유무선공유기Wi-Fi접속불가조치방법,,Btv셋톱박스전원불량조치방법,유선인터넷장비전원고장조치방법,
288,4610,해지가 되어있어서요,1,이동전화해지방법,자동납부해지방법,유선해지방법,예상해지금액,이동전화해지방법,Btv월정액해지방법
289,1478,내요금조회,2,과납,세금계산서신청방법,요금수납내역확인방법,실시간요금상세내역,자녀요금조회방법,조회관련
290,1128,위약금 납부,2,가산금,프리미엄패스1,휴대폰결제연체가산금,데이터결합약정할인반환금,장비변상금,휴대폰결제연체가산금
291,596,콘텐츠이용료 한도상향,2,콘텐츠이용료구매내역확인방법,콘텐츠이용료가능대상,콘텐츠이용료결제취소방법,애플콘텐츠이용료결제이용한도,데이터통화료상한제도,법인휴대폰결제이용한도
292,497,로밍 부서,2,로밍통화요금,로밍중전화발신방법,로밍한사람간통화요금,T로밍고객센터,T로밍카드고객센터,
293,3189,청구금액 상세,2,법정대리인에게미성년자청구금액SMSMMS발송,,,각종업무구비서류,,
294,1246,통합되어있는 서비스,2,통합청구서,통합청구서해지방법,데이터결합약정할인,결합상품,,
295,3577,자녀 선택약정할인 기간만료,2,선택약정할인제도약정기간변경,선택약정할인제도만료문자발송시기,주민등록번호정정,선택약정할인제도만료SMS발송시기,선택약정할인제도해지방법,
296,705,진짜 개별루우,2,휴대폰특정번호전화발신불가조치방법,개별통화수신거부이용방법,휴대폰특정번호전화수신불가조치방법,개별통화수신거부이용방법,개별통화수신거부,개별통화수신거부신청방법
297,2411,070  으로거는 전화요금은 무료인가요 ?,2,060정보료한도제신청방법,060정보료한도제,060정보료한도제해지방법,060비밀번호통화서비스,,
298,5168,가입 하지 않습니다,1,이동전화가입제한,가입상담예약방법,이용계약증명서발급방법,신규가입구비서류,가입상담예약방법,가입비
299,3833,요금 내일 입금할께요,2,부가사용금액,과납,편의점요금납부,요금납부일확인방법,,
300,4413,소액결제 한도 올려 주세요,2,휴대폰결제이용가능대상,자동휴대폰결제차단방법,,애플콘텐츠이용료결제이용한도,법인휴대폰결제이용한도,데이터통화료상한제도
301,3979,데이터속도 너무 느려서 못 쓰겠어요,2,Wavve속도제어해제,유선인터넷속도저하조치방법,Wavve속도제어해제신청방법,휴대폰데이터속도저하조치방법,유선인터넷속도저하조치방법,속도관련
302,632,요금조회는 어떻게 되나요?,2,세금계산서신청방법,세금계산서재발행방법,,조회관련,실시간요금상세내역,자녀요금조회방법
303,4687,데이터요금보내요,1,데이터통화료상한제도,,,T끼리데이터선물하기비용,T끼리데이터선물하기알림,T끼리데이터선물조르기방법
304,4475,baro 이용하였는데,1,T전화baro,T전화baro이용방법,baroYT요금제,T전화baro이용방법,T전화baro,baro4GB 
305,2089,해제방법,2,이동전화해지방법,자동납부해지방법,유선해지방법,차단해제관련,정지해제관련,
306,784,베트남에 거주하고 있는데 인증번호를 받아야하는데 문자가 전송이 안됩니다.,2,Btv인증번호설정방법,공동인증서등록방법,휴대폰인증서서비스,로밍중인증문자수신,Btv셋톱박스인증번호확인방법,Btv인증번호설정방법
307,2620,요금 중 분실파손 비용을 해지 하고 싶어요,2,단말보험해지방법,휴대폰보험보상신청방법,단말보험가입방법,콘텐츠이용료결제취소방법,휴대폰결제취소방법,T로밍카드환불
308,4807,패스프라임은뭔가요,1,PASS프라임서비스신청방법,5GX프라임,PASS프라임서비스,PASS프라임서비스,5GX프라임,5GX프라임+다이렉트플랜
309,1725,통화중인,2,통화중대기서비스신청방법,통화중대기서비스,T_통화중대기,전화관련,전화상담사연결,비밀번호통화서비스
310,4971,요금이 너무많이 나와서여,1,요금수납내역확인방법,요금부분납부방법,편의점요금납부,부가사용금액,,
311,1199,지금 정지 상태는 아닌거지요?,2,일시정지,,,정지관련,유선일시정지신청/해제방법,일시정지
312,6254,문자온거 확인해보니까,1,문자매니저,일500건SMS발송량제한,문자메시지서비스,문자메시지서비스,메시지관련,MMS
313,4017,당월 청구요금,2,요금부분납부방법,요금수납내역확인방법,세금계산서재발행방법,요금납부일확인방법,,
314,6189,타인이 연락하여 진행해드리기는 어려운 상황이군요,1,휴대폰결제대행사연락처,전화상담사연결,SK텔레콤고객센터운영시간,전화상담사연결,,
315,5294,안녕하세요 미납요금 20일날 결제하겠습니다,1,SKT미납센터연락처,미납이용정지,SKT해지미납센터연락처,분실파손200,,
316,5327,해지된 이력을 보내주세요,1,이동전화해지방법,자동납부해지방법,유선해지방법,수납이력서재발행방법,T전화채티대화이력삭제,
317,5990,이번달 금액에 청구된거죠?,1,부가사용금액,편의점요금납부,요금수납내역확인방법,요금수납내역확인방법,유선요금납부내역확인방법,
318,5972,이유를 알아야 납부릉 하는데,1,요금부분납부방법,요금수납내역확인방법,과납,요금수납내역확인방법,,
319,2387,누구 어플 삭제가  안되요,2,NUGU서비스정기이용권해지방법,NUGU서비스무드등자동꺼짐현상,NUGU서비스탈퇴방법,NUGU서비스탈퇴방법,T전화NUGU계정해제방법,NUGU서비스정기이용권해지방법
320,3696,오늘납부할게요,2,부가사용금액,요금납부일확인방법,과납,단말기할부금중도납부방법,요금납부일확인방법,
321,5332,폰 구매했던 영업점에서 다시 변경 해야 하나요,1,영업장위치확인,개통대리점조회방법,,중고기기변경방법,휴대폰기기변경방법,
322,1907,신규 개통,2,신규가입구비서류,,,개통관련,신규가입구비서류,휴대폰개통일확인방법
323,3556,기본전화로 사용하기,2,단말기교품,휴대폰기기변경방법,내휴대폰기종확인,원패스VIP기본형,컬러링서비스기본음설정방법,T_일반전화
324,2898,가상 계좌알려주세요 미납요금잎금할게요,2,SKT미납센터연락처,미납이용정지,미납직권해지,채팅플러스계좌송금서비스,,
325,3385,가족 data공유,2,요즘가족결합가족추가,,,T_IP공유서비스,T가족모아데이터공유방법,TTab함께쓰기공유요금제
326,1176,요금 초과,2,65세이상기초연금수급자복지할인제도신청방법,가입정보조회,팅요금제자동변경시기,부가사용금액,데이터추가사용방법,
327,5655,인천공항에서 바로 요금제 가입했는데,1,선불폰,선불폰충전금액별이용기간,선불폰충전취소방법,T로밍카드등록방법,,
328,2242,티비 약정,2,Btv사용자맞춤설정방법,Btv요금제,,요금약정할인제도,데이터결합약정할인,SK텔레콤이용약관
329,5256,신용카드를 따로 쓰고있지않아서 할부구매를 못합니다,1,동일신용카드월5회수납제한,제휴카드할인,,단말기할부,단말기할부금중도납부방법,
330,6026,유심을 바꾸면 자동개시가 안되는거구요,1,USIM기기변경방법,USIM카드교품방법,USIM카드구매방법,USIM기변방법,로밍중USIM변경,
331,4261,요금문자보내주세요,2,세금계산서재발행방법,세금계산서신청방법,요금수납내역확인방법,문자메시지서비스,MMS,휴대폰문자수발신실패조치방법
332,6122,스마트콜은먼가요,1,스마트콜Pick,스마트콜Pick신청방법,T안심콜,T안심콜,오토콜이용방법,오토콜
333,6448,네 1575문자로 발송부탁드립니다,1,일500건SMS발송량제한,,,문자메시지서비스,메시지관련,등기문자
334,1410,로밍중이라는 안내를 부탁해,2,로밍통화요금,로밍중휴대폰기능사용요금,로밍한사람간통화요금,T로밍고객센터,T로밍카드,T로밍카드고객센터
335,973,v커러링 취소해주세요,2,V컬러링이용방법,V컬러링,원플러스컬러링해지방법,V컬러링해지방법,오토컬러링해지방법,컬러링서비스해지방법
336,663,해제 요청,2,이동전화해지방법,자동납부해지방법,유선해지방법,철회,,
337,1145,10월 19일 입금했는데 미납이라해서 지금또 입금했는데궁금,2,휴대폰결제연체가산금,가산금,,단말기할부금중도납부방법,과납,
338,6142,이미 약정은 끝났는데 왜 해지금액이 그럼 있는겁니까? 폰 산지 3년 지났는데요,1,이동전화해지방법,자동납부해지방법,,데이터결합약정할인해지방법,Btv월정액해지방법,예상해지금액
339,1662,시간을 조금더 주세요,2,실시간요금상세내역,,,추가관련,데이터추가사용방법,
340,4050,미납요금은몇일에빠지나요,2,SKT미납센터연락처,미납이용정지,미납직권해지,미납이용정지,SKT미납센터연락처,
341,6232,장기 쿠폰은........???,1,T데이터쿠폰사용기간,T쿠폰구매방법,T데이터쿠폰등록방법,장기가입고객할인제도,유선장기일시정지,장기일시정지
342,1282,다른날짜로 납부 가능한가요?,2,요금납부일확인방법,,,요금납부일변경방법,,
343,6104,t all케어 플러스 4 요,1,TAll케어플러스포인트서비스,TAll케어플러스3일반,TAll케어플러스3플립,T플랜안심4G,T플랜안심4G+다이렉트플랜,
344,4470,네 그러면 해지 부탁드려요,1,이동전화해지방법,자동납부해지방법,유선해지방법,예상해지금액,이동전화해지방법,Btv월정액해지방법
345,1571,T전화에서 메시지 수신시 특정 문자 차단이 가능한가요?,2,개별통화수신거부,개별통화수신거부신청방법,개별통화수신거부이용방법,SMS수신거부,,
346,2494,티 연락처 삭제 방법 알려주세요,2,휴대폰결제대행사연락처,ONEstore고객센터,,T전화탈퇴및서비스미사용,이동전화해지방법,
347,1724,통장 납부요망합니다.,2,요금수납내역확인방법,요금부분납부방법,세금계산서신청방법,단말기할부금중도납부방법,,
348,702,정지된상태라 요금수납후바로해제되나요,2,요금부분납부방법,요금수납내역확인방법,기타요금,유선일시정지신청/해제방법,정지관련,정지해제관련
349,2895,지금 로밍이 한국요금제로 잘 되있나요?,2,로밍한사람간통화요금,로밍통화요금,로밍중휴대폰기능사용요금,로밍요금확인시점,,
350,1086,오늘납부가능,2,부가사용금액,요금납부일확인방법,과납,요금납부일확인방법,,
351,1370,핸드폰 남은금액,2,단말기할부금중도납부방법,단말기할부,,단말기잔여할부조회방법,T데이터쿠폰잔액조회방법,일자별잔여통화안내
352,6092,금액을 다 갚지 못하겠어서,1,과납,요금부분납부방법,부가사용금액,단말기할부금중도납부방법,장비변상금,과납
353,3970,영상통화ai사용방법,2,휴대폰영상수발신불가조치방법,휴대폰통화목소리울림조치방법,,영상통화관련,휴대폰영상수발신불가조치방법,
354,1350,핸드폰결제내역,2,휴대폰결제이용가능대상,콘텐츠이용료가능대상,휴대폰결제이용동의신청방법,콘텐츠이용료구매내역확인방법,요금수납내역확인방법,애플콘텐츠이용료결제내역확인방법
355,3699,약정기간이 늘어날수도있어?,2,요금약정할인제도,,,연장관련,분실정지수신기간연장방법,데이터추가사용방법
356,3586,선택약정 다시설정,2,선택약정할인제도만료문자발송시기,선택약정할인제도가입조건,선택약정할인제도할인반환금부과대상,선택약정할인제도재가입조건,선택약정할인제도약정기간변경,
357,4890,지금 미납이 두달분아닐까요?,1,SKT미납센터연락처,미납이용정지,미납직권해지,과납,분실파손2,TAll케어플러스2
358,2475,미납요금이 2회가 빠지냐고요,2,SKT미납센터연락처,미납이용정지,미납직권해지,과납,분실파손2,TAll케어플러스2
359,812,요금 조회로 할게,2,요금수납내역확인방법,요금부분납부방법,수납이력서재발행방법,조회관련,실시간요금상세내역,자녀요금조회방법
360,2965,통신결제수단요청,2,휴대폰결제이용차단,,,결제관련,Skpay결제방법,앱스토어결제수단
361,3020,해지요금,2,이동전화해지방법,자동납부해지방법,유선해지방법,예상해지금액,이동전화해지방법,철회
362,1939,이용권해지 하려구요,2,자동납부해지방법,이동전화해지방법,유선해지방법,Btv월정액해지방법,예상해지금액,이동전화해지방법
363,3697,저장된 번호로 단체문자발송방법,2,번호도용문자차단,번호도용문자차단신청방법,,문자메시지서비스,,
364,1179,"현재 기변 진행중인데, 느낌이 좀이상해서요.   조회 가능한가요?",2,휴대폰기기변경방법,중고기기변경방법,단말기교품,아이폰기기변경상담,휴대폰기기변경방법,Btv시스템설정방법
365,6403,제 요금,1,과납,부가사용금액,요금수납내역확인방법,요금제문의,Btv요금제,
366,5087,네 해지해 주세요,1,이동전화해지방법,자동납부해지방법,유선해지방법,예상해지금액,이동전화해지방법,Btv월정액해지방법
367,5572,제가 세븐에서 이번달에 사용했으면,1,SK세븐모바일,,,T아이폰파손7,NewT아이폰파손7,
368,1036,통화중 다른전화,2,통화중대기서비스,통화중대기서비스신청방법,T_통화중대기,비밀번호통화서비스,타사고객baroBox이용,인터넷TV가입(타사)
369,6667,급여일이 25일인데 최대 연장 가능한 날짜가 언제인지 알수있을까요?,1,일자별잔여통화안내날짜변경방법,,,연장관련,,
370,2500,모르는 가입,2,이동전화가입제한,가입상담예약방법,이용계약증명서발급방법,Btv미가입채널조치방법,가입상담예약방법,신규가입구비서류
371,3541,인터넷 미납요금 냈는데. 인터넷이 안되요,2,SKT미납센터연락처,미납직권해지,SKT해지미납센터연락처,미납이용정지,SKT미납센터연락처,과납
372,1114,sjuhei828888eisieiii2i288,2,코로나19예방수칙,단골고객관리해지방법,T건강습관XAIAVitality이용방법,무료음성28,baroYT8GB,파손280
373,4759,갤럭시 s21,1,휴대폰기기변경방법,중고기기변경방법,아이폰기기변경상담,5GX클럽갤럭시S21,,
374,1465,만 19세 이상이라면?,2,팅요금제자동변경시기,가입정보조회,미성년자요금제변경방법,미성년자관련,0청년요금제,미성년자요금제변경방법
375,3544,9월달금액,2,가산금,휴대폰결제연체가산금,프리미엄패스1,TTab9,T아이폰파손9,
376,3171,t로밍 문자,2,해외SMS서비스,로밍문자사용량SMS,,로밍문자요금,T로밍고객센터,T로밍청구내역서
377,562,선택약정할인연장하고싶어요,2,선택약정할인제도가입조건,선택약정할인제도만료문자발송시기,선택약정할인제도할인반환금부과대상,번호변경안내서비스연장방법,선택약정할인제도약정기간변경,연장관련
378,2805,통화중 다른 통화,2,통화중대기서비스,통화중대기서비스신청방법,통화중대기서비스해지방법,타사고객baroBox이용,인터넷TV가입(타사),다른번호문의
379,3597,핸드폰 요금납입,2,요금수납내역확인방법,요금부분납부방법,편의점요금납부,결제관련,단말기할부금중도납부방법,편의점요금납부
380,484,선택약정갱신,2,선택약정할인제도만료문자발송시기,선택약정할인제도가입조건,선택약정할인제도할인반환금부과대상,선택약정할인제도약정기간변경,번호변경안내서비스연장방법,선택약정할인제도재가입조건
381,529,데이로밍,2,데이터로밍요금,로밍수신요금,로밍중휴대폰기능사용요금,T로밍카드,데이터로밍요금,가족로밍
382,1291,통신사 가맹점  문의,2,타통신사고객센터,제조사AS센터연락처,SK텔레콤고객센터운영시간,영업장위치확인,개통대리점조회방법,T멤버십가맹점및사용방법
383,4088,16일에 청구서를 제출할 수 있어요,2,요금안내서변경방법,요금안내서발행유형자동변경해제방법,요금안내서재발행방법,각종업무구비서류,이용계약증명서발급방법,
384,1064,아이폰 15 몇 만원 이아?,2,아이폰기기변경상담,휴대폰기기변경방법,,TAll케어플러스i150,TAll케어플러스150,
385,2678,로밍요금제를 변경하고싶어요,2,로밍수신요금,로밍요금확인시점,로밍중휴대폰기능사용요금,T괌사이판옵션변경,요금제변경,baroBox옵션변경
386,2835,로밍을 하고싶은데 무료로 가능한가요,2,로밍수신요금,로밍중휴대폰기능사용요금,로밍요금확인시점,T로밍카드,데이터로밍요금,5G로밍서비스
387,1556,이거는 선택약정 할인이 반영 안돼?,2,선택약정할인제도할인반환금부과대상,선택약정할인반환금면제대상,선택약정할인제도가입불가요금제,선택약정할인제도가입불가요금제,선택약정할인제도가입조건,
388,4658,안녕하세요 이번달 납부금액이 얼마인가요?,1,부가사용금액,과납,요금부분납부방법,단말기할부금중도납부방법,,
389,778,요금조회 해주세요,2,세금계산서재발행방법,기타요금,세금계산서신청방법,조회관련,실시간요금상세내역,자녀요금조회방법
390,859,자동변경을 안하고 싶어요,2,휴대폰기기변경방법,단말기교품,,자동납부해지방법,자동휴대폰결제차단해제방법,자동휴대폰결제차단방법
391,1644,선택약정 해제,2,선택약정할인제도할인반환금부과대상,선택약정할인반환금면제대상,선택약정할인제도가입불가요금제,선택약정할인제도해지방법,,
392,6171,다음달이후엔 로밍안하면 시니어요금으로 나오나여,1,로밍한사람간통화요금,로밍중발신번호표시,로밍통화요금,시니어요금제,T플랜시니어요금제,BtvOCEAN시니어월정액
393,1970,전원꺼진상태에서 부재중 전화기록,2,통화중대기서비스신청방법,T_통화중대기,통화중대기서비스,T전화최근기록보기설정,,
394,5704,상담사님?,1,SK텔레콤고객센터운영시간,전화상담사연결,타통신사고객센터,전화상담사연결,제조사AS센터연락처,SK텔레콤고객센터운영시간
395,6168,그럼 이번호는 말까지 연장이 안되나요?,1,번호이동제도,휴대폰번호보호신청방법,,연장관련,번호변경안내서비스연장방법,분실정지수신기간연장방법
396,3814,11월30일날 미납요금과 이번요금까지 납부 가능합니다,2,SKT미납센터연락처,미납이용정지,,단말기할부금중도납부방법,SKT미납센터연락처,
397,2174,선택약점신청,2,선택약정할인제도만료문자발송시기,선택약정할인제도가입조건,선택약정할인제도가입불가요금제,선택약정할인제도가입조건,,
398,4946,상담원분도 좋은하루보내세요,1,전화상담사연결,SK텔레콤고객센터운영시간,T멤버십구매상품(구.초콜릿)상담센터,SK텔레콤고객센터운영시간,,
399,2303,로밍을 오늘 하고싶은데 어찌할까요?,2,로밍수신요금,로밍중휴대폰기능사용요금,로밍요금확인시점,T로밍카드,,
400,441,로밍 전화,2,로밍중전화발신방법,로밍한사람간통화요금,로밍통화요금,로밍통화요금,T로밍고객센터,T로밍카드고객센터
401,2139,060수신차단,2,060발신차단서비스신청방법,060발신차단서비스,060정보료한도제,060발신차단서비스,060발신차단서비스신청방법,
402,3312,데이터 용량 얼마나 남았니?,2,최근사용량확인방법,,,자녀데이터사용량조회방법,baro요금제잔여량확인,baroBox잔여량조회
403,4406,문자도용서비스,2,스팸문자,일500건SMS발송량제한,문자매니저,번호도용문자차단,,
404,1349,잘못해서 분실폰 가입되엇는데 취소 해주세요,2,분실폰찾기개인정보삭제,분실폰찾기알람,분실폰찾기위치조회,로밍중휴대폰분실신고,,
405,2635,그 요금제 문의때문에 전화했습니다,2,부가사용금액,,,요금제문의,Btv요금제,요금제추천
406,4175,문자로 받고싶어요,2,문자매니저,문자메시지서비스,등기문자,문자메시지서비스,MMS,메시지관련
407,2596,플로 가입 어떻게 하나요,2,FLO이용방법,FLO신청방법,FLO,FLO신청방법,FLO앤데이터신청방법,FLO이용방법
408,3060,미납요급 납부가능일 등록하기,2,SKT미납센터연락처,미납이용정지,미납직권해지,요금납부일확인방법,,
409,5576,안내문자는 보통 언제쯤 오나요?,1,안심문자,등기문자,문자매니저,메시지관련,요금안내서발행유형자동변경해제방법,문자메시지서비스
410,5414,밤12시요,1,데이터로밍일시허용,로밍일시허용,,T아이폰케어12,,
411,5953,고객센터가 또 별도인가요?,1,전화상담사연결,SK텔레콤고객센터운영시간,타통신사고객센터,제조사AS센터연락처,타통신사고객센터,SK텔레콤고객센터운영시간
412,3613,카드 다른사람명의 납부,2,동일신용카드월5회수납제한,,,T로밍카드타인양도,타사고객baroBox이용,
413,4859,해지가 가능할까요,1,이동전화해지방법,자동납부해지방법,유선해지방법,예상해지금액,이동전화해지방법,Btv월정액해지방법
414,4355,제 요금의 선택약정이 언제까지로 돼 있는지 알고 싶어요,2,선택약정할인제도만료문자발송시기,선택약정할인반환금면제대상,선택약정할인제도가입조건,선택약정할인제도가입조건,,
415,5041,미납요금 10일안에 결제가능합니다,1,SKT미납센터연락처,미납이용정지,미납직권해지,미납이용정지,,
416,1147,명세표 이메일 변경,2,이메일상담,MMS,휴대폰MMS수신후저장실패조치방법,요금안내서변경방법,요금안내서발행유형자동변경해제방법,이메일상담
417,1684,고객센터 문자,2,전화상담사연결,SK텔레콤고객센터운영시간,타통신사고객센터,제조사AS센터연락처,전화상담사연결,SK텔레콤고객센터운영시간
418,5778,카톡으로 주세요,1,데이터리필하기mVoIP사용가능여부,데이터리필하기데이터공유가능여부,데이터리필하기문자통보,메시지관련,,
419,4674,로밍 사용하려고 하는데,1,로밍통화요금,로밍중휴대폰기능사용요금,로밍중전화발신방법,T로밍카드,T로밍고객센터,5G로밍서비스
420,1895,통화중상대가전화했을때상대방전화번호가안뜨네요,2,T_통화중대기,통화중대기서비스신청방법,통화중대기서비스,다른번호문의,,
421,1057,요금제에 부과 되나요,2,부가사용금액,편의점요금납부,과납,요금제문의,Btv요금제,5GX요금제
422,2768,단말기 변경에 따른 인증하기,2,휴대폰인증서서비스,공동인증서등록방법,휴대폰인증서서비스해지방법,인증관련,Wavve부가서비스인증방법,로밍중인증문자수신
423,5207,네 해지 부탁드립니다,1,이동전화해지방법,자동납부해지방법,유선해지방법,예상해지금액,이동전화해지방법,철회
424,655,최근기록에 문자 안나오게 하는 방법 있나요?,2,등기문자,문자매니저,문자메시지서비스,T전화최근기록보기설정,T전화아이폰최근기록표시정책,수납이력서재발행방법
425,677,11월 요금납부서를 팩스로 받고싶어요,2,요금수납내역확인방법,요금부분납부방법,기타요금,각종업무구비서류,이용계약증명서발급방법,
426,5389,네 콘텐츠구매가안되요,1,콘텐츠이용료구매내역확인방법,콘텐츠이용료가능대상,콘텐츠이용료결제취소방법,구매관련,T데이터쿠폰구매방법,T쿠폰구매방법
427,793,매월카드납부등록,2,동일신용카드월5회수납제한,제휴카드할인,,T데이터쿠폰등록방법,,
428,1705,비상연락처,2,휴대폰결제대행사연락처,SK텔레콤고객센터운영시간,ONEstore고객센터,제조사AS센터연락처,영업장위치확인,
429,2942,쿠폰5장중에 유효기간이 젤가까운건 언제야,2,T쿠폰,T쿠폰구매방법,T데이터쿠폰사용기간,T데이터쿠폰사용기간,T멤버십포인트유효기간,데이터리필하기쿠폰유효기간
430,5626,문자로 와서 알고있습니다,1,등기문자,문자매니저,문자메시지서비스,문자메시지서비스,메시지관련,MMS
431,2113,sk 텔레콤 인터넷입니다.,2,T플러스B인터넷,T_광랜인터넷,T플러스B인터넷신청방법,인터넷관련,,
432,5406,미납 요금 12월10일까지 납부 가능합니다,1,SKT미납센터연락처,미납이용정지,미납직권해지,단말기할부금중도납부방법,SKT미납센터연락처,
433,5244,타통신사 개통된후 번호이동 시도하는건가요,1,휴대폰번호보호신청방법,번호이동제도,다른번호문의,번호이동제도,이동전화가입(타사),
434,6491,해외합니다,1,T로밍청구내역서,,,해외MMS서비스,해외SMS서비스,5G로밍가능국가
435,3669,예약접수가능하는지,2,이용계약증명서발급방법,가입상담예약방법,,가입상담예약방법,예약관련,통화중대기서비스신청방법
436,3674,t전화 baro 통화 와이파이연결 사용 불안정,2,T전화baro이용방법,T전화baro,,T전화baro,T전화baro이용방법,
437,2996,t멤버쉽이 유효하지 않다고 하네요,2,T멤버십열린멤버십,T멤버십사용내역확인방법,T멤버십발급비용,휴대폰결제멤버십해지방법,,
438,4885,목소리로,1,목소리인증,목소리인증해지방법,선불폰,음성관련,소리관련,휴대폰통화목소리울림조치방법
439,4576,법인폰인데!,1,법인폰요금안내서신청_변경방법,,,법인고객센터,T끼리법인요금제,T끼리법인요금제회선_사용자관리방법
440,3222,선택약정미가입,2,선택약정할인중복가입가능상품,선택약정할인제도가입가능단말기조회방법,선택약정할인제도가입조건,Btv미가입채널조치방법,,
441,3863,번호도용 방지,2,번호이동제도,번호도용문자차단신청방법,번호도용문자차단,명의도용,번호도용문자차단,
442,3921,요금내역 부탁합니다,2,요금수납내역확인방법,기타요금,요금부분납부방법,콘텐츠이용료구매내역확인방법,요금수납내역확인방법,유선요금납부내역확인방법
443,1523,내 말 안 들려?,2,휴대폰전화수신불가조치방법,휴대폰통화중잡음묵음조치방법,휴대폰전화수발신불가조치방법,소리샘서비스청취방법,소리관련,
444,4613,청구서가나와서요,1,요금안내서재발행방법,요금안내서변경방법,요금안내서발행유형자동변경해제방법,각종업무구비서류,이용계약증명서발급방법,요금안내서발행유형자동변경해제방법
445,1012,쿠폰 얼마나 남았냐,2,T데이터쿠폰잔액조회방법,T데이터쿠폰사용기간,T데이터쿠폰등록기간,T쿠폰잔액조회방법,T데이터쿠폰잔액조회방법,단말기잔여할부조회방법
446,6034,요금제확인,1,과납,부가사용금액,요금납부일확인방법,요금제문의,Btv요금제,요금제추천
447,3820,tv고객센터,2,타통신사고객센터,SK텔레콤고객센터운영시간,제조사AS센터연락처,제조사AS센터연락처,전화상담사연결,타통신사고객센터
448,4526,이번달 말일까지 납부가능할까요?,1,부가사용금액,과납,편의점요금납부,단말기할부금중도납부방법,요금납부일확인방법,
449,3980,네트워크좀 어떻게해주세요,2,모바일Btv앱,Btv유튜브시청방법,,Btv네트워크오류조치방법,연결관련,
450,3153,멤버십 카드 정지때문에 문의 드립니다 정지을 풀려고 합니다,2,T멤버십고객등급기준,T멤버십열린멤버십,T멤버십발급비용,정지해제관련,일시정지해제방법,
451,2528,상담원 초대하기,2,SK텔레콤고객센터운영시간,전화상담사연결,T멤버십구매상품(구.초콜릿)상담센터,전화상담사연결,,
452,1546,데이터리필을받으려면상담원하고통화해야돼나요?,2,데이터리필하기데이터음성사용기간,데이터리필하기문자통보,데이터리필하기쿠폰제공,데이터리필하기사용방법,데이터리필하기쿠폰제공,데이터리필하기문자통보
453,1022,정지일자,2,일시정지,일시정지해제방법,유선일시정지신청/해제방법,정지관련,일시정지,
454,1566,핸드폰에서 아예 소리가 안 들려..,2,휴대폰전화수신불가조치방법,휴대폰통화중잡음묵음조치방법,휴대폰전화수발신불가조치방법,Btv소리묵음조치방법,소리관련,휴대폰통화중잡음묵음조치방법
455,3788,분실파손보험,2,휴대폰보험보상신청방법,단말보험해지방법,단말보험가입방법,분실파손보험,로밍중휴대폰분실신고,
456,1768,이납 납부 가능  20일까지,2,과납,요금수납내역확인방법,요금납부일확인방법,단말기할부금중도납부방법,,
457,6736,3일이라서 그런가요,1,요금납부일확인방법,,,TAll케어플러스3,주말엔팅3.0G,LTE휴대폰3G데이터접속조치방법
458,5037,요금이 갑자기 많아진 이유가 알고싶어요.,1,요금납부일확인방법,실시간요금상세내역,,부가사용금액,데이터추가사용방법,
459,3518,데이테리필,2,데이터리필하기데이터음성사용기간,데이터리필하기문자통보,데이터리필하기데이터공유가능여부,데이터리필하기사용방법,데이터리필하기쿠폰제공,데이터리필하기데이터음성사용기간
460,2159,선택재약정방법,2,선택약정할인제도만료문자발송시기,선택약정할인제도가입조건,선택약정할인제도할인반환금부과대상,선택약정할인제도재가입조건,,
461,2649,T멤버십 취소,2,T멤버십재발급취소,T멤버십카드발급조건,T멤버십발급비용,휴대폰결제멤버십해지방법,5GX클럽갤럭시S20해지방법,T아이폰케어해지방법
462,889,약정기간끝나기전에 재약정하면되지요,2,요금약정할인제도,,,선택약정할인제도재가입조건,,
463,1120,와파이 사용 요금알고십어요,2,Twifizone이용방법,Twifizone,,Twifi렌탈이용요금,Twifi렌탈,T_GigaWiFi
464,1308,내 용량 얼마 남았너,2,최근사용량확인방법,,,baroBox잔여량조회,baro요금제잔여량확인,자녀데이터사용량조회방법
465,1342,기업필링 해지 하고싶은데요.,2,데이터리필하기데이터공유가능여부,데이터리필하기문자통보,데이터리필하기데이터음성사용기간,컬러링서비스해지방법,레터링해지방법,TRing해지방법
466,4379,나 이미 로밍 했어,2,로밍중휴대폰기능사용요금,로밍중전화발신방법,로밍통화요금,T로밍카드내역확인,,
467,2958,미납요금 납부 가능일 문의 드립니다,2,SKT미납센터연락처,미납이용정지,미납직권해지,요금납부일확인방법,SKT미납센터연락처,
468,2287,문자발송시 문서첨부가능여부,2,일500건SMS발송량제한,,,요금안내서발행유형자동변경해제방법,MMS,
469,6294,바로가입가능할까요,1,타사고객baroBox이용,,,신규가입구비서류,가입상담예약방법,개통관련
470,2724,상담은 부탁드립니다,2,전화상담사연결,SK텔레콤고객센터운영시간,ONEstore고객센터,퀵보이스신청방법,퀵보이스,퀵보이스차단서비스
471,5695,번호가 몇번이에요?,1,태블릿번호확인방법,번호이동제도,휴대폰번호보호신청방법,단말기일련번호확인방법,T멤버십카드번호확인방법,태블릿번호확인방법
472,1630,나의 핸드폰 납부 해야 금액은,2,요금수납내역확인방법,요금부분납부방법,편의점요금납부,단말기할부금중도납부방법,결제관련,
473,6340,휴대폰결제 한도가 삼만원인데 오만원으로 변경가능합니까,1,휴대폰결제이용동의신청방법,휴대폰결제이용가능대상,,법인휴대폰결제이용한도,애플콘텐츠이용료결제이용한도,데이터통화료상한제도
474,2744,폰요금 납뷰,2,편의점요금납부,과납,부가사용금액,보이스뷰,baroBox임대료,
475,1789,약정 가입하려면?,2,요금약정할인제도,,,데이터결합약정할인신청방법,가입상담예약방법,
476,5839,같이 등록가능한지요?,1,등록관련,,,Data함께쓰기,Data함께쓰기신청방법,법정대리인동시통보
477,2829,상세 로밍 사용료 보내주세요,2,로밍한사람간통화요금,로밍통화요금,로밍요금확인시점,T로밍청구내역서,,
478,6543,만약에 선택약정 할인을 안 했을 때 말입니다,1,선택약정할인제도할인반환금부과대상,선택약정할인반환금면제대상,선택약정할인제도재가입조건,선택약정할인제도가입불가요금제,선택약정할인제도가입조건,
479,3581,해외에서 상담사 연결,2,T로밍고객센터,,,해외MMS서비스,해외SMS서비스,T로밍고객센터
480,3988,휴대폰 인증번호가 안옵니다.,2,Btv인증번호설정방법,공동인증서등록방법,휴대폰인증서서비스,Btv셋톱박스인증번호확인방법,Btv인증번호설정방법,로밍중인증문자수신
481,3469,타명의카드납부 방법,2,동일신용카드월5회수납제한,제휴카드할인,,T로밍카드타인양도,타사고객baroBox이용,
482,5754,내일 완납 가능합니당.,1,부가사용금액,과납,편의점요금납부,단말기할부금중도납부방법,,
483,5554,영업장이 대리점을 말 하는겁니까,1,영업장위치확인,개통대리점조회방법,행복AS,개통대리점조회방법,휴대폰결제대행사연락처,법인위임대리인
484,5180,내일 완납가능할꺼같은데,1,요금부분납부방법,요금수납내역확인방법,편의점요금납부,단말기할부금중도납부방법,,
485,986,선택할인,2,선택약정할인제도공제순서,선택약정할인반환금면제대상,선택약정할인제도가입불가요금제,Btv선택,,
486,5508,그럼 세가지 해지하면 어떻게되나요,1,이동전화해지방법,자동납부해지방법,유선해지방법,예상해지금액,이동전화해지방법,
487,731,공유기 비밀번호를 알고 싶습니다~,2,SK유무선공유기Wi-Fi이름암호확인방법,유선인터넷장비전원고장조치방법,SK유무선공유기Wi-Fi접속불가조치방법,비밀번호관련,SK유무선공유기Wi-Fi이름암호확인방법,
488,5776,이번호말고 다른번호들 해지하려구요,1,휴대폰번호보호해지방법,,,Btv월정액해지방법,이동전화해지방법,T우주패스연간상품해지방법
489,4870,부가서비스에 대하여,1,부가서비스가입내역확인방법,단말보험가입방법,단말보험해지방법,부가사용금액,추가관련,
490,4896,전액 납부 30일 가능합니다,1,요금납부일확인방법,,,단말기할부금중도납부방법,,
491,1417,미납요금 가능일 알려줘,2,SKT미납센터연락처,미납이용정지,미납직권해지,미납이용정지,,
492,6023,법인폰은매장에가야하나요?,1,법인폰요금안내서신청_변경방법,,,법인고객센터,개통대리점조회방법,
493,5124,담달부터 나오는 금액은 할부가 빠지나요?,1,단말기할부,단말기할부금중도납부방법,,단말기할부금중도납부방법,,
494,4847,휴대폰 안증서만 제외하고  다해자해주세요,1,휴대폰인증서서비스,공동인증서등록방법,휴대폰인증서서비스해지방법,휴대폰인증서서비스해지방법,,
495,5574,구글 에서 환불 받기로 하였습니다.,1,콘텐츠이용료구매내역확인방법,구글Play스토어고객센터,콘텐츠이용료결제취소방법,데이터결합약정할인반환금,장비변상금,콘텐츠이용료결제취소방법
496,6245,좀전 콘텐츠 이용의 상세내용을 알고싶어요,1,콘텐츠이용료구매내역확인방법,구글Play스토어고객센터,콘텐츠이용료가능대상,동영상관련,Btv최근시청VOD,콘텐츠이용료구매내역확인방법
497,670,데이터 잔여량 얼마나 남았어?,2,최근사용량확인방법,,,baro요금제잔여량확인,단말기잔여할부조회방법,자녀데이터사용량조회방법
498,2867,전화가 사용이 안되는데 왜 그런거야?,2,휴대폰전화수발신불가조치방법,,,집전화수발신불가조치방법,휴대폰전화수발신불가조치방법,T전화오류문의
499,1204,쿠폰 적용이 안되고 카드로 결제가 되었어요.. 카드취소해주시고 쿠폰적용해주세요~~,2,T데이터쿠폰등록방법,T데이터쿠폰사용기간,T데이터쿠폰등록기간,콘텐츠이용료결제취소방법,,
500,1686,초기화면이 헨드폰에 나타나질안아요,2,내휴대폰기종확인,,,휴대폰개통일확인방법,Btv미가입채널조치방법,Btv부팅및업데이트불가조치방법
501,2574,미납가능일 16일로 변경합니다,2,SKT미납센터연락처,미납이용정지,SKT해지미납센터연락처,NewT아이폰케어16,T아이폰케어16,
502,5965,지난달부터 요금청구가 되었나요?,1,요금안내서재발행방법,,,요금수납내역확인방법,요금납부일확인방법,
503,5489,안녕하세요 당월 청구요금중 일부를 내고 싶어서요!,1,요금부분납부방법,요금수납내역확인방법,기타요금,단말기할부금중도납부방법,,
504,4741,아~ 그렇군요.. 그럼 baro요금제 가입은 안해도 되나요?,1,T전화baro,T전화baro이용방법,baroYT요금제,T전화baro이용방법,T전화baro,
505,5899,내 감사합니다,1,전화상담사연결,SK텔레콤고객센터운영시간,타통신사고객센터,상담사칭찬방법,,
506,1603,위약금 얼마남아있는지 알려주세요,2,프리미엄패스1,,,데이터결합약정할인반환금,휴대폰결제연체가산금,장비변상금
507,6454,이번달 요금에 로밍비용이 얼마인가요?,1,로밍통화요금,로밍요금확인시점,로밍수신요금,데이터로밍요금,로밍요금확인시점,T로밍카드
508,2876,The person who asked the question is what TV?,2,BtvTV앱,,,Btv,,
509,3780,아이요금보호자대납요금문의할께 있어요,2,과납,,,미성년자법정대리인정지,,
510,6413,제가 확인해보고입금하겠습니다,1,이용계약증명서발급방법,이동전화가입제한,가입상담예약방법,가입비,,
511,3825,부가서비스 기간이 궁금해요,2,부가서비스가입내역확인방법,단말보험가입방법,휴대폰보험보상신청방법,T데이터쿠폰사용기간,유선장기일시정지,장기가입고객할인제도
512,6474,안녕하세요 요금안내서 메일이 필요한데 아직 안옷듯하여,1,요금안내서변경방법,요금안내서발행유형자동변경해제방법,요금안내서재발행방법,요금안내서발행유형자동변경해제방법,이메일상담,각종업무구비서류
513,4662,미납요금 분할로 낼수있을까요??,1,SKT미납센터연락처,미납이용정지,미납직권해지,과납,단말기할부금중도납부방법,
514,1276,이번달 말일까지 납부하겠습니다,2,과납,부가사용금액,편의점요금납부,단말기할부금중도납부방법,,
515,5580,앱으로 폰요금낼때 인증서없음  납부안되나요?,1,공동인증서등록방법,휴대폰인증서서비스,휴대폰인증서서비스해지방법,유선인터넷웹보안인증서문제조치방법,휴대폰인증서서비스,공동인증서등록방법
516,1070,24일 미납요금 납부가능,2,SKT미납센터연락처,미납이용정지,SKT해지미납센터연락처,단말기할부금중도납부방법,,
517,5104,납부가능일은지금 지정 못하나요?,1,휴대폰결제연체가산금,가산금,실시간요금상세내역,요금납부일확인방법,요금납부일변경방법,유선요금납부일변경방법
518,4075,미납요금은매월21일까지처리할테니~그리알아두세요,2,SKT미납센터연락처,미납이용정지,미납직권해지,미납이용정지,,
519,1760,인터넷로밍,2,로밍통화요금,로밍중전화발신방법,로밍중휴대폰기능사용요금,T로밍카드,5G로밍서비스,데이터로밍요금
520,6375,7101꼬는 선택약정을 연장을햇는데,1,선택약정할인제도할인반환금부과대상,선택약정할인제도만료문자발송시기,선택약정할인반환금면제대상,번호변경안내서비스연장방법,분실정지수신기간연장방법,연장관련
521,3352,유플러스티비,2,Btv유튜브시청방법,모바일Btv앱,,Wavve앤데이터플러스,채팅플러스,TB끼리TV플러스
522,4335,유심 문의 드릴려고요,2,USIM카드구매방법,USIM카드교품방법,USIM기기변경방법,로밍중USIM변경,USIM기변방법,USIM카드구매방법
523,4403,세븐틴 알아?,2,SK세븐모바일,,,0틴플랜요금제,0틴5G요금제,
524,4029,그래 감사,2,전화상담사연결,미디어앤데이터팩신청방법,,상담사칭찬방법,,
525,5786,V이커러링을 취소할려구요,1,V컬러링이용방법,V컬러링,원플러스컬러링해지방법,V컬러링해지방법,Btv월정액해지방법,오토컬러링해지방법
526,5494,대화요,1,전화상담사연결,,,비밀번호통화서비스,,
527,3414,콜센터 전화연결,2,ONEstore고객센터,SK텔레콤고객센터운영시간,T멤버십구매상품(구.초콜릿)상담센터,전화상담사연결,SK텔레콤고객센터운영시간,전화관련
528,3616,부과서비스 삭제부탁드려요,2,이동전화해지방법,자동납부해지방법,유선해지방법,콘텐츠이용료결제취소방법,예상해지금액,Btv월정액해지방법
529,4038,유심등록,2,USIM기기변경방법,USIM카드구매방법,USIM카드교품방법,USIM기변방법,로밍중USIM변경,USIM카드구매방법
530,1625,인터넷 들어가는법,2,유선인터넷접속불가조치방법,집전화수발신불가조치방법,휴대폰데이터접속불가조치방법,인터넷관련,신규가입구비서류,퀵보이스차단서비스
531,5261,10일에 납부가능해서요,1,부가사용금액,과납,요금납부일확인방법,요금납부일확인방법,,
532,4183,누구 설정 취소,2,NUGU서비스무드등자동꺼짐현상,NUGU서비스정기이용권해지방법,NUGU서비스앱디바이스연결실패조치방법,NUGU서비스탈퇴방법,T전화NUGU계정해제방법,NUGU서비스정기이용권해지방법
533,3481,채티 법정대리인 동의,2,법인위임대리인연장신청방법,법인위임대리인신청방법,법인위임대리인,미성년자법정대리인정지,미성년자법정대리인정지신청방법,
534,1285,가입 어떡해해,2,이동전화가입제한,가입상담예약방법,이용계약증명서발급방법,신규가입구비서류,가입상담예약방법,가입비
535,3427,아이폰15por 사줘,2,아이폰기기변경상담,,,TAll케어플러스i150,분실파손i150,
536,3955,국제전화발신저한,2,국제전화발신금지,,,국제전화알림Biz레터링,,
537,728,요금 조회 어케해?,2,요금수납내역확인방법,부가사용금액,편의점요금납부,조회관련,실시간요금상세내역,자녀요금조회방법
538,4868,고객센터 번호알수있을까요,1,타통신사고객센터,SK텔레콤고객센터운영시간,ONEstore고객센터,제조사AS센터연락처,전화상담사연결,SK텔레콤고객센터운영시간
539,1401,T로밍,2,로밍통화요금,로밍한사람간통화요금,데이터로밍요금,T로밍카드,5G로밍서비스,가족로밍
540,1617,통화 수신이 안돼요,2,휴대폰통화중잡음묵음조치방법,휴대폰전화수신불가조치방법,휴대폰전화수발신불가조치방법,휴대폰전화수신불가조치방법,휴대폰전화수발신불가조치방법,
541,526,유심이 인식이돼지 않아요,2,USIM기기변경방법,USIM카드교품방법,USIM카드구매방법,로밍중USIM변경,USIM기변방법,
542,964,국제발신 문자때문에요,2,국제전화발신금지,해외SMS발신금지서비스,,국제전화알림Biz레터링,국제전화청구주기,
543,2226,선택야정 재가입 할려구요,2,선택약정할인제도공제순서,선택약정할인중복가입가능상품,선택약정할인제도가입가능단말기조회방법,선택약정할인제도재가입조건,,
544,2955,상당사 전화예약,2,전화상담사연결,SK텔레콤고객센터운영시간,타통신사고객센터,가입상담예약방법,예약관련,
545,3497,해지금액은 왜? 기입하나요?,2,이동전화해지방법,자동납부해지방법,,예상해지금액,이동전화해지방법,단말보험해지방법
546,2931,부재중이 있어어 전화했습니다.,2,통화중대기서비스신청방법,T_통화중대기,통화중대기서비스,T_부재중안내,,
547,1182,그럼나 포인트좀줘,2,레인보우포인트사용방법,레인보우포인트유효기간,레인보우포인트,BtvTV포인트,BtvB포인트,TAll케어플러스포인트서비스
548,2943,티전화 말고 일반전화로 전환 하는법?,2,T전화모드유지,T전화설정방법,T전화음성으로전화하기,T_일반전화,,
549,2424,고객센터 114에서 어떤경로로 들어가야해,2,SK텔레콤고객센터운영시간,전화상담사연결,타통신사고객센터,전화상담사연결,,
550,5820,T 올케어파손F 취소하고 싶습니다,1,TAll케어플러스3파손80,TAll케어플러스3파손40,TAll케어플러스3i파손80,PASS프라임서비스해지방법,5GX퍼펙트클럽갤럭시S21해지방법,T아이폰케어해지방법
551,3779,내 전화 요금 미납되지 않았는대,2,SKT미납센터연락처,미납직권해지,SKT해지미납센터연락처,미납이용정지,,
552,5118,약정재가입해주세요,1,요금약정할인제도,,,선택약정할인제도재가입조건,,
553,2397,데이터 다 썼어?,2,데이터추가사용방법,데이터통화료상한제도,,자녀데이터사용량조회방법,,
554,4704,안녕하세요? 휴대폰 선결제 잔액 환불 신청드립니다,1,통신과금자동선결제해지방법,,,데이터결합약정할인반환금,,
555,1856,문자청구서,2,문자매니저,문자메시지서비스,일500건SMS발송량제한,문자메시지서비스,휴대폰문자수발신실패조치방법,MMS
556,3382,휴대폰소액결제 가능하도록 해주세요,2,휴대폰결제이용가능대상,휴대폰결제이용제한방법,콘텐츠이용료결제취소방법,결제관련,T로밍카드결제수단,앱스토어결제수단
557,2987,몇일까지 입금 처리  할까요,2,과납,부가사용금액,요금납부일확인방법,요금납부일확인방법,,
558,2575,미납금준비할동안 전화통신사용할려고 다른통신사 유심을 샀는데 괜찮은걸까,2,SKT미납센터연락처,미납이용정지,,USIM기변방법,로밍중USIM변경,USIM카드구매방법
559,4224,휴대폰 납부 방법,2,요금부분납부방법,요금수납내역확인방법,편의점요금납부,결제관련,편의점요금납부,단말기할부금중도납부방법
560,6613,쿠폰사용해달라고,1,T데이터쿠폰사용기간,T쿠폰구매방법,T데이터쿠폰등록방법,Btv쿠폰,T쿠폰,T쿠폰구매방법
561,3543,소액결제한도 상향,2,휴대폰결제이용가능대상,휴대폰결제이용제한방법,자동휴대폰결제차단방법,애플콘텐츠이용료결제이용한도,데이터통화료상한제도,법인휴대폰결제이용한도
562,4937,이 달안에 납부하겠습니다! 감사합니다,1,과납,부가사용금액,요금수납내역확인방법,단말기할부금중도납부방법,,
563,3873,선택약정 할인 연장,2,선택약정할인제도만료문자발송시기,선택약정할인제도가입조건,선택약정할인제도할인반환금부과대상,연장관련,번호변경안내서비스연장방법,선택약정할인제도약정기간변경
564,6435,어디로 입금하면 될까요 ?,1,과납,부가사용금액,요금수납내역확인방법,결제관련,편의점요금납부,
565,2081,선물말고 제번호로.쓸수있는거주세요,2,T끼리데이터선물하기연령,가족간데이터자동선물하기,T끼리데이터선물하기비용,T끼리데이터선물조르기방법,T끼리데이터선물하기받은데이터사용방법,T끼리데이터선물하기비용
566,411,청구서 우편으로,2,요금안내서변경방법,요금안내서발행유형자동변경해제방법,요금안내서재발행방법,요금안내서발행유형자동변경해제방법,이메일상담,각종업무구비서류
567,2230,입금 방법,2,과납,세금계산서신청방법,세금계산서재발행방법,결제관련,,
568,3804,6윌 2일 납부명세서 받고 싶어요,2,과납,요금납부일확인방법,편의점요금납부,각종업무구비서류,이용계약증명서발급방법,
569,3320,휴대폰 결제 한도 향상,2,휴대폰결제이용가능대상,휴대폰결제이용동의신청방법,,법인휴대폰결제이용한도,애플콘텐츠이용료결제이용한도,데이터통화료상한제도
570,5791,카드 재등록할수있을까요?,1,T멤버십재발급취소,,,선택약정할인제도재가입조건,T멤버십재발급취소,법인폰요금안내서재발행방법
571,2679,자녀결합 필요한 서류,2,가족결합확인방법,요즘가족결합,요즘가족결합신청방법,데이터결합약정할인신청방법,,
572,5911,폰으로 로밍을 한것같은데,1,로밍수신요금,로밍중휴대폰기능사용요금,로밍통화요금,T로밍카드,T로밍고객센터,5G로밍서비스
573,2215,11월 10일날 미납요금 카카오뱅크로 입금 하겠습니다,2,SKT미납센터연락처,미납이용정지,,OK캐쉬백납부,,
574,5368,안녕하세요 미납요금을 얼마전에 냈는데,1,SKT미납센터연락처,미납이용정지,미납직권해지,휴대폰결제연체가산금,과납,SKT미납센터연락처
575,4368,자녀전화. 선택약정연장,2,선택약정할인제도만료문자발송시기,SK텔레콤이용약관,선택약정할인제도가입조건,번호변경안내서비스연장방법,분실정지수신기간연장방법,연장관련
576,4974,미납요금 날짜를  좀 미루고 싶었어요,1,SKT미납센터연락처,미납이용정지,SKT해지미납센터연락처,미납이용정지,,
577,944,부재통화,2,부가통화,통화중대기서비스신청방법,통화중대기서비스,T_부재중안내,,
578,773,31일 납부가능,2,요금납부일확인방법,,,단말기할부금중도납부방법,,
579,5485,10월달요금인가요?,1,요금납부일확인방법,,,T아이폰케어10,NewT아이폰케어10,
580,3782,무슨카드로 납부하고 있는지요,2,동일신용카드월5회수납제한,제휴카드할인,,요금수납내역확인방법,,
581,1757,미납요금만결제할께요,2,SKT미납센터연락처,미납이용정지,미납직권해지,미납이용정지,SKT미납센터연락처,과납
582,1212,문자가 들어오지않아요,2,등기문자,일500건SMS발송량제한,문자메시지서비스,휴대폰문자수발신실패조치방법,휴대폰MMS수발신실패조치방법,문자메시지서비스
583,3220,상담원 부탁드려요,2,SK텔레콤고객센터운영시간,전화상담사연결,T멤버십구매상품(구.초콜릿)상담센터,전화상담사연결,SK텔레콤고객센터운영시간,제조사AS센터연락처
584,5966,전화를 걸면 T전화로 이용이 되야 하는데,1,T전화모드유지,T전화설정방법,T전화음성으로전화하기,T전화이용방법,T전화,T_인터넷전화
585,4307,바로전화가 활성화 안됨,2,T전화baro,T전화baro이용방법,,T전화baro이용방법,T전화baro,
586,4592,인터넷 요금 문의입니다. 인터넷 종류는?,1,유선인터넷요금제,,,인터넷관련,,
587,1076,30일로 납부가능등록원합니다,2,과납,요금납부일확인방법,부가사용금액,T데이터쿠폰등록방법,등록관련,
588,1222,유선서비스 정지,2,유선일시정지신청/해제방법,일시정지,,정지관련,유선일시정지신청/해제방법,
589,4616,해지 처리 바로 가능할까요?,1,이동전화해지방법,자동납부해지방법,유선해지방법,예상해지금액,이동전화해지방법,철회
590,2511,23일까지 미납금납부 가능한가요,2,SKT미납센터연락처,미납이용정지,미납직권해지,단말기할부금중도납부방법,SKT미납센터연락처,
591,4682,네 문자왔어요,1,스팸문자,문자메시지서비스,문자매니저,문자메시지서비스,MMS,메시지관련
592,923,해지비용,2,이동전화해지방법,자동납부해지방법,유선해지방법,예상해지금액,콘텐츠이용료결제취소방법,이동전화해지방법
593,5606,안녕하세요 왜 요금가격이 7만원인가여,1,부가사용금액,과납,편의점요금납부,T아이폰파손7,NewT아이폰케어7,NewT아이폰파손7
594,1866,t바로,2,baroYT요금제,T전화baro,T전화baro이용방법,T전화baro,T전화baro이용방법,Wavve
595,4082,미납요금 납부햇는데 미납해지좀해주세요,2,SKT미납센터연락처,미납이용정지,SKT해지미납센터연락처,미납직권해지,미납이용정지,SKT미납센터연락처
596,4511,그럼 상담사 채티는 주로 어떤 상담을 받습니까,1,전화상담사연결,SK텔레콤고객센터운영시간,휴대폰결제대행사연락처,채티서비스,SK텔레콤고객센터운영시간,전화상담사연결
597,4644,미납요금 납부가능일 문의드리려구요,1,SKT미납센터연락처,미납이용정지,미납직권해지,요금납부일확인방법,,
598,5714,모두해지요,1,이동전화해지방법,,,예상해지금액,Btv월정액해지방법,T전화탈퇴및서비스미사용
599,4462,법인입니다,1,법인폰요금안내서신청_변경방법,법인폰청구요금조회방법,,법인고객센터,T끼리법인요금제,
600,2077,선택사항없음,2,선택약정할인제도공제순서,선택약정할인제도해지방법,선택약정할인반환금면제대상,Btv선택,,
601,2687,부가서비스  서비스,2,부가서비스가입내역확인방법,단말보험가입방법,휴대폰보험보상신청방법,부가사용금액,퀵보이스,퀵보이스차단서비스
602,5696,제 요금이 갑자기 늘었는데 알수있나요?,1,요금납부일확인방법,과납,,데이터추가사용방법,,
603,3599,t전화가입,2,T전화설정방법,T전화모드유지,T전화이용방법,비밀번호통화서비스신청방법,T전화이용방법,통화중대기서비스신청방법
604,3074,내가 사용할수있는 쿠폰이있니?,2,T쿠폰구매방법,T데이터쿠폰사용기간,T데이터쿠폰등록방법,Btv쿠폰,T쿠폰,
605,4757,오늘 30만원 입금 하고 나머지 말일 결제 가능 할까요?,1,휴대폰결제연체가산금,,,단말기할부금중도납부방법,,
606,2716,같은금액이 두번 이체됐어요,2,휴대폰결제연체가산금,가산금,프리미엄패스1,TAll케어플러스2,컬러링플러스2,
607,980,쿠폰사용법,2,T쿠폰구매방법,T데이터쿠폰사용기간,T데이터쿠폰등록방법,Btv쿠폰,T쿠폰,
608,6539,미납요금 언제까지 내야하나요?,1,SKT미납센터연락처,미납이용정지,미납직권해지,미납이용정지,SKT미납센터연락처,단말기할부금중도납부방법
609,2614,네 고객센터로 문의할께요,2,SK텔레콤고객센터운영시간,타통신사고객센터,ONEstore고객센터,제조사AS센터연락처,전화상담사연결,SK텔레콤고객센터운영시간
610,4044,난 청소년인데,2,팅요금제자동변경시기,가입정보조회,미성년자요금제변경방법,미성년자관련,T청소년안심서비스,미성년자요금제변경방법
611,5491,카드로 납부 할께요,1,요금부분납부방법,요금수납내역확인방법,편의점요금납부,결제관련,OK캐쉬백납부,단말기할부금중도납부방법
612,2974,헥토이노베이션 해지하겠습니다.,2,스팸ARS차단플러스해지방법,퀵보이스해지방법,ZEM플러스웅진스마트올해지방법,멜론익스트리밍해지방법,T아이폰케어해지방법,ZEM플러스웅진스마트올해지방법
613,5827,안녕하세요 부가서비스에 대해서 여쭤볼게 있어서 연락드렸습니다,1,부가서비스가입내역확인방법,단말보험해지방법,단말보험가입방법,부가사용금액,,
614,3078,기기 약정기간?,2,휴대폰기기변경방법,중고기기변경방법,단말기교품,T데이터쿠폰사용기간,유선장기일시정지,연장관련
615,3540,미납요금남부기한,2,SKT미납센터연락처,미납이용정지,미납직권해지,미납이용정지,단말기잔여할부조회방법,
616,6554,어떻게 진행하면 될까요?,1,진행중이벤트,,,퀵보이스신청방법,퀵보이스,퀵보이스차단서비스
617,5260,혹시 자동결제 되었는데,1,휴대폰결제이용동의신청방법,,,자동휴대폰결제차단방법,법인폰자동납부내역조회방법,자동휴대폰결제차단해제방법
618,4236,친구랑 문자하는데 500건 넘었다고 문자가 안돼요.,2,친구찾기서비스,,,일500건SMS발송량제한,,
619,3521,법인폰은 안되나요?,2,법인폰요금안내서신청_변경방법,,,T끼리법인요금제,법인고객센터,T끼리법인요금제회선_사용자관리방법
620,2097,로밍요 오늘부터 14일 오는데요,2,로밍한사람간통화요금,로밍통화요금,T로밍청구내역서,T로밍카드,,
621,4196,녹음설정,2,T전화녹음파일확인방법,T전화통화녹음기능,,Btv사용자맞춤설정방법,컬러링서비스설정방법,T전화통화녹음기능
622,6383,어디로 연락하면되나요?,1,휴대폰결제대행사연락처,전화상담사연결,SK텔레콤고객센터운영시간,전화상담사연결,제조사AS센터연락처,퀵보이스차단서비스
623,3255,세이프케시해지방법,2,세이프캐시,PASS세이프가드,세이프캐시신청방법,세이프캐시해지방법,PASS신용지키미해지방법,
624,4190,국제전화 요금,2,국제전화청구주기,국제전화알림Biz레터링,국제전화사업자선택,국제전화알림Biz레터링,국제전화청구주기,
625,1830,할인한도,2,SK텔레콤할인혜택,,,법인휴대폰결제이용한도,애플콘텐츠이용료결제이용한도,데이터통화료상한제도
626,6508,해지되었다니 다행으로 생각합니다 수고하셨습니다,1,이동전화해지방법,자동납부해지방법,유선해지방법,예상해지금액,Btv월정액해지방법,이동전화해지방법
627,976,한달미납분만 납부,2,부가사용금액,편의점요금납부,요금수납내역확인방법,단말기할부금중도납부방법,,
628,6420,요금이 과다하게 발생된거 같아서 문의드립니다,1,과납,부가사용금액,,부가사용금액,,
629,4174,55세,2,65세이상기초연금수급자복지할인제도신청방법,가입정보조회,팅요금제자동변경시기,다이렉트5G55,0청년다이렉트55,
630,6095,부동산도 해지해 주세요,1,자동납부해지방법,이동전화해지방법,,이동전화해지방법,예상해지금액,
631,6438,사이판 무료로밍알고싶어서요,1,0플랜스몰,T괌사이판요금제잔여량확인,0틴플랜스몰,T괌사이판요금제잔여량확인,T괌사이판옵션변경,
632,2154,아리아가 누구야,2,NUGU서비스음성인식기능,BtvAI셋톱박스음성인식불가조치방법,,알버트AI,,
633,1861,SK B 인터넷 팩스,2,T플러스B인터넷,Btv인터넷장애조치방법,T플러스B인터넷신청방법,각종업무구비서류,,
634,673,요금조회할게요,2,세금계산서재발행방법,세금계산서신청방법,요금부분납부방법,실시간요금상세내역,조회관련,자녀요금조회방법
635,6421,나머지 요금은 27일에 납부 가능한데,1,과납,부가사용금액,편의점요금납부,단말기할부금중도납부방법,,
636,2085,가족보호앱,2,휴대폰가족보호신청방법,휴대폰가족보호,휴대폰가족보호이용방법,휴대폰가족보호,휴대폰가족보호이용방법,휴대폰보호서비스
637,2449,지난달 결제금액 취소할 수 있나요?,2,휴대폰결제취소방법,,,콘텐츠이용료결제취소방법,휴대폰결제취소방법,애플콘텐츠이용료결제취소방법
638,3672,미납 납부일 가능한 날 지정,2,SKT미납센터연락처,미납이용정지,SKT해지미납센터연락처,요금납부일확인방법,요금납부일변경방법,
639,2128,요금청구는엇제부터,2,요금안내서재발행방법,,,가입비,,
640,6030,제 요금제에 주는 데이터사용량이 얼마인가요,1,최근사용량확인방법,T로밍데이터잔여량확인,,자녀데이터사용량조회방법,데이터통화료상한제도,
641,2050,근데 전화를 자꾸 끊어버려,2,Btv화면음성끊김멈춤조치방법,,,휴대폰통화끊김조치방법,유선인터넷끊김조치방법,Btv화면음성끊김멈춤조치방법
642,4990,부가서비스가 뭔가요?,1,부가서비스가입내역확인방법,단말보험가입방법,휴대폰보험보상신청방법,부가사용금액,,
643,4225,미납요얼마이에요,2,SKT미납센터연락처,미납이용정지,,미납이용정지,SKT미납센터연락처,과납
644,5296,통화로 정지일 조금 미뤄주신다고하셧는데 적용이 안된걸까요?,1,일시정지,일시정지해제방법,유선일시정지신청/해제방법,정지관련,유선일시정지신청/해제방법,
645,4285,25%할인 재가입 신청,2,선택약정할인제도가입조건,선택약정할인제도가입불가요금제,선택약정할인중복가입가능상품,선택약정할인제도재가입조건,,
646,4957,안내받고 해지하는거예요,1,이동전화해지방법,자동납부해지방법,유선해지방법,예상해지금액,이동전화해지방법,철회
647,1229,문자 자동발송,2,일500건SMS발송량제한,등기문자,문자메시지서비스,가족간데이터자동선물발송시점,가족간데이터자동선물하기,
648,5456,로밍 데이터를 다 사용했는데 동일하게 3기가를 충전하고 싶습니다~,1,T로밍데이터충전,임대로밍반납방법,팅요금충전방법,baro3GB충전,T로밍데이터충전,baro1GB충전
649,928,"TV,인터넷 미납요금",2,SKT미납센터연락처,미납직권해지,미납이용정지,미납이용정지,SKT미납센터연락처,과납
650,1464,지금 제가 해외에 있는데요,2,T로밍청구내역서,로밍한사람간통화요금,로밍통화요금,해외MMS서비스,해외SMS서비스,5G로밍가능국가
651,3530,통신비안심  서비스 취소바랍니다,2,T안심보안,T안심보안신청방법,,T자녀안심해지방법,휴대폰안심결제해지방법,자동안심T로밍데이터해지
652,5464,신청한적이 없는데 왜?,1,이용계약증명서발급방법,이동전화가입제한,가입상담예약방법,Btv미가입채널조치방법,신규가입구비서류,
653,6228,지난달 선택약정이 만료가된다는 알람을 받긴했었는데요,1,선택약정할인제도할인반환금부과대상,선택약정할인반환금면제대상,선택약정할인제도공제순서,선택약정할인제도만료SMS발송시기,,
654,1755,그래서 데이터 잔여량이 얼만데?,2,최근사용량확인방법,,,baro요금제잔여량확인,baroBox잔여량조회,자녀데이터사용량조회방법
655,2084,통신요금이 왜 더 나왔나요?,2,요금부분납부방법,,,데이터추가사용방법,부가사용금액,
656,6471,금방 제 계좌에서 인출된 내역 알고싶습니다,1,과납,편의점요금납부,요금수납내역확인방법,요금수납내역확인방법,콘텐츠이용료구매내역확인방법,유선요금납부내역확인방법
657,724,납부방법을 몰라요,2,요금부분납부방법,요금수납내역확인방법,기타요금,결제관련,편의점요금납부,
658,5738,다름이 아니라 미납요금 중 한달치를 먼저 납입을 하고,1,SKT미납센터연락처,미납이용정지,,미납이용정지,,
659,4283,용돈을 보내주세요,2,부가사용금액,,,T끼리데이터선물하기비용,T멤버십포인트선물하기,
660,3878,영상통화 무제한 요금제 알려줘,2,휴대폰영상수발신불가조치방법,,,영상통화관련,휴대폰영상수발신불가조치방법,로밍영상통화사용량SMS
661,6540,어떤것이적합한지요,1,가족결합확인방법,가족결합상품대표회선변경방법,가족결합상품해지방법,결합상품,,
662,3797,미성년자 핸드폰 잠시 정지,2,일시정지,,,Btv자녀안심설정방법,정지관련,T청소년안심서비스
663,1427,이번달 30일까지 모든 금액 납부 가능합니다.,2,부가사용금액,과납,편의점요금납부,단말기할부금중도납부방법,,
664,5080,데이터요금제를 바꾸고 싶어요,1,데이터통화료상한제도,,,요금제변경,유선상품변경방법,baroBox옵션변경
665,2997,총 미납요금,2,SKT미납센터연락처,미납이용정지,미납직권해지,과납,SKT미납센터연락처,
666,4518,카드로 납부하고 싶어서요,1,요금부분납부방법,요금수납내역확인방법,기타요금,결제관련,OK캐쉬백납부,T로밍카드결제수단
667,4244,차이점,2,영업장위치확인,개통대리점조회방법,행복AS,퀵보이스신청방법,퀵보이스,퀵보이스차단서비스
668,5136,20일에 완납이 가능한데,1,과납,부가사용금액,편의점요금납부,단말기할부금중도납부방법,,
669,2053,약정가입해줘,2,요금약정할인제도,,,데이터결합약정할인신청방법,가입상담예약방법,요금약정할인제도
670,511,이용료 취소할려고 합니다,2,이동전화해지방법,자동납부해지방법,,콘텐츠이용료결제취소방법,예상해지금액,Btv월정액해지방법
671,5520,10월 콘텐츠 이용료 문의합니다,1,콘텐츠이용료구매내역확인방법,콘텐츠이용료가능대상,콘텐츠이용료결제취소방법,T아이폰케어10,,
672,2264,고객센타,2,SK텔레콤고객센터운영시간,타통신사고객센터,전화상담사연결,제조사AS센터연락처,SK텔레콤고객센터운영시간,전화상담사연결
673,1104,내번호도용방지,2,번호이동제도,태블릿번호확인방법,휴대폰번호보호신청방법,번호도용문자차단,명의도용,
674,5805,해외라서 어디로,1,T로밍청구내역서,로밍한사람간통화요금,로밍문자요금,5G로밍가능국가,해외MMS서비스,해외SMS서비스
675,3123,납부 전용 계좌 보내주세요,2,요금수납내역확인방법,요금부분납부방법,편의점요금납부,채팅플러스계좌송금서비스,,
676,2661,sk텔레콤전화번호,2,타통신사고객센터,휴대폰결제대행사연락처,전화상담사연결,전화관련,,
677,6292,아 안녕하세요 제가 미납요금당월요금 한번에 입금했는데 자동이체로 빠져나가서요~,1,SKT미납센터연락처,미납이용정지,,법인폰자동납부내역조회방법,자동휴대폰결제차단방법,자동납부번호확인방법
678,5851,제가 올해  이폰을 언제 구입했지요?,1,휴대폰기기변경방법,내휴대폰기종확인,아이폰기기변경상담,휴대폰개통일확인방법,아이폰기기변경상담,
679,4916,그때 또 가입해야하나요??,1,이용계약증명서발급방법,가입상담예약방법,이동전화가입제한,추가관련,,
680,2934,정지 여부,2,일시정지,유선일시정지신청/해제방법,일시정지해제방법,정지관련,일시정지,유선일시정지신청/해제방법
681,5071,최대 월 2GB인가요? 다른 번호로도 선물할 수 있나요?,1,T끼리데이터선물하기연령,가족간데이터자동선물하기,T끼리데이터선물하기대상,T끼리데이터선물하기대상,T끼리데이터선물조르기방법,T끼리데이터선물하기받은데이터사용방법
682,4366,미납요금이 많아서요,2,SKT미납센터연락처,미납이용정지,미납직권해지,미납이용정지,SKT미납센터연락처,과납
683,5450,청구 해도 된다는데,1,자동납부해지방법,이동전화해지방법,,각종업무구비서류,통신자료제공신청방법,이용계약증명서발급방법
684,4905,무엏을 신청하라 합니다,1,퀵보이스신청방법,스팸ARS차단플러스,스팸ARS차단플러스신청방법,가입상담예약방법,가입비,신규가입구비서류
685,2954,광고 전화번호 수신차단,2,문자매니저,SMS수신거부신청방법,문자매니저신청방법,SMS수신거부,,
686,849,데이터 잔여량 알려줘 상담사랑 대화할래,2,최근사용량확인방법,,,T데이터쿠폰잔액조회방법,,
687,1186,제 요금 선택약정이 언제까지인지 알고 싶어요,2,선택약정할인제도만료문자발송시기,SK텔레콤이용약관,선택약정할인제도약정기간변경,선택약정할인제도약정기간변경,선택약정할인제도가입조건,
688,2668,약정할인 신청합니다,2,요금약정할인제도,,,데이터결합약정할인신청방법,요금약정할인제도,
689,1108,결제수단 알려줘,2,자동휴대폰결제차단방법,휴대폰결제이용차단,휴대폰결제이용제한방법,결제관련,앱스토어결제수단,T로밍카드결제수단
690,4180,해제방법은?,2,이동전화해지방법,자동납부해지방법,유선해지방법,차단해제관련,,
691,6225,네 잘 알겠습니다 여기서 인터넷티비상담은 안하시죠?,1,Btv인터넷장애조치방법,,,Btv,BtvTV앱,인터넷관련
692,4310,전화가 잘 안되어서요,2,휴대폰전화수발신불가조치방법,,,집전화수발신불가조치방법,전화관련,휴대폰전화수발신불가조치방법
693,2063,전화 신호음이 안들려요,2,집전화잡음묵음조치방법,,,휴대폰통화목소리울림조치방법,Btv소리묵음조치방법,
694,6067,전체 문자 내용 다 합쳐서 500자 말 입니까,1,스팸문자,문자매니저,일500건SMS발송량제한,일500건SMS발송량제한,,
695,3313,연락?,2,휴대폰결제대행사연락처,전화상담사연결,SK텔레콤고객센터운영시간,전화상담사연결,퀵보이스,퀵보이스차단서비스
696,493,유선서비스 미납요금 납부,2,SKT미납센터연락처,미납직권해지,미납이용정지,휴대폰결제연체가산금,SKT미납센터연락처,과납
697,5697,목소리 어떻게 봐꺼,1,목소리인증,목소리인증해지방법,선불폰,음성관련,소리관련,소리샘서비스청취방법
698,564,와이파이가 잘 안돼서요,2,Twifizone찾기,휴대폰TWi-FiZone이용불가조치방법,Twifizone이용방법,SK유무선공유기Wi-Fi접속불가조치방법,Twifi렌탈,Twifi렌탈이용요금
699,2486,선택 약정 12개월 신청 가능한가요?,2,선택약정할인제도만료문자발송시기,선택약정할인제도가입조건,선택약정할인제도공제순서,Btv선택,,
700,516,요금제변견,2,요금안내서변경방법,요금안내서발행유형자동변경해제방법,,요금제변경,유선상품변경방법,요금제문의
701,3881,바로요금중인데 가족공유하고 싶어요,2,T가족모아데이터가족추가방법,T가족모아데이터,T가족모아데이터공유방법,TTab함께쓰기공유요금제,T_IP공유서비스,Data함께쓰기
702,6718,미납금이 몇월달인가요?,1,SKT미납센터연락처,미납이용정지,미납직권해지,미납이용정지,SKT미납센터연락처,단말기할부금중도납부방법
703,3968,휴대폰이용 차단 해제,2,자동휴대폰결제차단해제방법,,,차단해제관련,차단관련,휴대폰결제이용제한해제방법
704,1353,미납요금30일납부가능,2,SKT미납센터연락처,미납이용정지,,미납이용정지,,
705,3295,우주플러스 해지,2,T우주패스해지방법,T우주패스연간상품해지방법,T우주패스패밀리서비스해지방법,Wavve앤데이터플러스해지방법,채팅플러스해지방법,오토컬러링플러스해지방법
706,3445,내가 지금 쓰고있는 로밍 요금제,2,로밍한사람간통화요금,로밍통화요금,로밍중휴대폰기능사용요금,T로밍카드,데이터로밍요금,
707,4151,소액결제는 가능한가요,2,휴대폰결제이용가능대상,휴대폰결제이용제한방법,휴대폰결제이용차단,결제관련,앱스토어결제수단,Skpay결제방법
708,5973,정지가 안되는 방법은 없을까요?,1,일시정지,,,정지관련,유선일시정지신청/해제방법,
709,3926,미납요금 납입 가능일,2,SKT미납센터연락처,미납이용정지,미납직권해지,미납이용정지,SKT미납센터연락처,요금납부일확인방법
710,576,요금은 얼마씩 추가되는가요,2,부가사용금액,요금부분납부방법,요금수납내역확인방법,데이터추가사용방법,부가사용금액,추가관련
711,4639,가입한적이 없는것 같은데,1,이동전화가입제한,가입상담예약방법,이용계약증명서발급방법,Btv미가입채널조치방법,가입정보조회,부가서비스가입내역확인방법
712,1927,약정할인 연장 문의합니다,2,요금약정할인제도,,,연장관련,번호변경안내서비스연장방법,T데이터쿠폰사용기간
713,1688,전화번호입력,2,휴대폰번호보호신청방법,,,태블릿번호확인방법,SMSMMS발신자번호확인,단말기일련번호확인방법
714,6337,네네 아니면지금 카드로납부해도되나요,1,가산금,휴대폰결제연체가산금,T지원금약정,단말기할부금중도납부방법,결제관련,
715,1379,아이고 내가 요금조회를하고싶당께 어떻게하구마잉,2,팅요금제자동변경시기,자녀요금통보서비스,자녀요금조회방법,조회관련,실시간요금상세내역,자녀요금조회방법
716,4932,제번호가,1,휴대폰번호보호신청방법,태블릿번호확인방법,번호이동제도,단말기일련번호확인방법,T멤버십카드번호확인방법,태블릿번호확인방법
717,1005,선물 받았습니다,2,가족간데이터자동선물하기,T끼리데이터선물하기연령,T끼리데이터선물조르기방법,T끼리데이터선물조르기방법,T끼리데이터선물하기받은데이터사용방법,T로밍카드선물
718,2557,10월요금 에서 선택약정할인이 안되었네요,2,선택약정할인제도가입조건,선택약정할인제도만료문자발송시기,선택약정할인제도할인반환금부과대상,선택약정할인제도가입불가요금제,선택약정할인제도해지방법,
719,6283,82세분이 톡으로 상담가능할까요?,1,가입정보조회,65세이상기초연금수급자복지할인제도신청방법,팅요금제자동변경시기,TAll케어플러스3패밀리파손80,TAll케어플러스80,
720,6602,가상계좌로 요금 입금 하려구요.,1,차상위계층한부모가족복지할인제도,,,채팅플러스계좌송금서비스,,
721,1416,로밍 청구액 알려줘,2,로밍통화요금,로밍수신요금,로밍중휴대폰기능사용요금,로밍요금확인시점,데이터로밍요금,T로밍청구내역서
722,6154,왜 통신요금이 부과 되었는지 알고싶습니다,1,요금부분납부방법,요금수납내역확인방법,과납,통신서비스요금,,
723,2941,메시지 차단확인,2,문자매니저,스팸문자,문자메시지서비스,차단관련,SMS수신거부,
724,503,지금 로밍할수 있어요,2,로밍통화요금,로밍한사람간통화요금,로밍중휴대폰기능사용요금,T로밍카드,T로밍고객센터,
725,1079,070차단,2,060정보료한도제신청방법,060정보료한도제,060정보료한도제해지방법,060발신차단서비스,,
726,4239,당월청구요금 재청구 부탁드립니다.,2,요금안내서재발행방법,법정대리인에게미성년자청구금액SMSMMS발송,요금안내서변경방법,유선요금안내서재발행방법,요금안내서재발행방법,선택약정할인제도재가입조건
727,4667,선택할인제도를재가입하고자합니다,1,선택약정할인제도가입가능단말기조회방법,선택약정할인중복가입가능상품,선택약정할인제도공제순서,선택약정할인제도재가입조건,,
728,5535,지금가입이 된건가요,1,이용계약증명서발급방법,,,신규가입구비서류,휴대폰개통일확인방법,가입상담예약방법
729,4813,로밍할,1,로밍통화요금,로밍한사람간통화요금,로밍중전화발신방법,T로밍카드,가족로밍,T로밍고객센터
730,1281,해외에서 긴문자 수신,2,해외SMS서비스,로밍문자요금,로밍중인증문자수신,해외MMS서비스,해외SMS서비스,로밍문자요금
731,4362,정지된거풀어주세요,2,일시정지,,,정지해제관련,일시정지해제방법,유선일시정지신청/해제방법
732,4247,114로 해야겠군요,2,전화상담사연결,,,T전화T114이용방법,,
733,3325,인터넷이랑 티비요금미납금액이요,2,T_광랜인터넷,유선인터넷요금제,,SKT미납센터연락처,단말기할부금중도납부방법,
734,4812,오늘 가능해요 카드납부로 할게요,1,동일신용카드월5회수납제한,,,결제관련,,
735,598,초기화되어 전화번호를 알고싶어요,2,휴대폰번호보호신청방법,,,휴대폰개통일확인방법,,
736,2258,구티브로 요금 4400원짜리 해지,2,이동전화해지방법,유선해지방법,자동납부해지방법,Btv월정액해지방법,Wavve유료이용권해지방법,NUGU서비스탈퇴방법
737,561,약정기간이 얼마정도 남았나요,2,일자별잔여통화안내신청방법,,,T데이터쿠폰사용기간,T멤버십포인트유효기간,
738,2538,요금쿠폰사용하기,2,T쿠폰,T쿠폰구매방법,,Btv쿠폰,T쿠폰,
739,6033,로밍을 할꺼에요,1,로밍통화요금,로밍중휴대폰기능사용요금,로밍수신요금,T로밍카드,가족로밍,T로밍고객센터
740,6662,낼 납부가능하면 풀어주시나요??,1,과납,부가사용금액,,단말기할부금중도납부방법,,
741,2082,당일 해지,2,이동전화해지방법,자동납부해지방법,유선해지방법,예상해지금액,철회,이동전화해지방법
742,5457,제가 저번에 변경신청해두었는데,1,개명개칭방법,,,Btv시스템설정방법,,
743,6520,아 그럼 이번 미납은 당월분 밖에 없는건가요?,1,SKT미납센터연락처,미납이용정지,SKT해지미납센터연락처,단말기할부금중도납부방법,단말기잔여할부조회방법,
744,6123,11월 요금납부서를 팩스로 받고 싶어요,1,요금수납내역확인방법,요금부분납부방법,기타요금,각종업무구비서류,이용계약증명서발급방법,
745,2775,집에서 폰이 잘안터져요,2,인터넷전화기전원불량조치방법,,,집전화기파손/고장,Btv인터넷장애조치방법,
746,4879,얼마씩 나가는 요금제인가요?,1,실시간요금상세내역,,,Btv요금제,요금제문의,유선인터넷요금제
747,4845,전화상담 번호가 없는 번호라고 나오던데 연락처 있을까요?,1,휴대폰결제대행사연락처,전화상담사연결,SK텔레콤고객센터운영시간,전화상담사연결,,
748,2251,lg통신사 사용하던  공기계를 얻어 유심변경하였습니다 통화시 3g로 변환되는 문제 해결가능한가요,2,USIM기기변경방법,USIM카드교품방법,USIM카드구매방법,USIM기변방법,로밍중USIM변경,
749,3070,저는 이용정지 대상자인가요,2,착신금지서비스신청방법,착신금지서비스,고액정보이용료특이정지,정지관련,,
750,4615,기본으로 변경하고 싶어서요,1,휴대폰기기변경방법,중고기기변경방법,단말기교품,컬러링서비스기본음설정방법,원패스VIP기본형,
751,1016,미납요금액은요?,2,SKT미납센터연락처,미납이용정지,미납직권해지,미납이용정지,SKT미납센터연락처,과납
752,1264,데이터 쿠폰 내놔,2,T데이터쿠폰사용기간,T데이터쿠폰등록기간,T데이터쿠폰등록방법,Btv쿠폰,T쿠폰,
753,4010,자동으로 로밍되면 카톡도 사용되나요?,2,로밍중휴대폰기능사용요금,로밍통화요금,로밍한사람간통화요금,자동휴대폰결제차단방법,법인폰자동납부내역조회방법,자동휴대폰결제차단해제방법
754,1044,해외사용,2,T로밍청구내역서,로밍한사람간통화요금,로밍중발신번호표시,해외MMS서비스,해외SMS서비스,5G로밍가능국가
755,853,전화량,2,최근사용량확인방법,,,전화관련,,
756,2854,요금을문자로,2,요금수납내역확인방법,과납,,문자메시지서비스,휴대폰문자수발신실패조치방법,MMS
757,4170,10월 미납요금  완납 했는데요 확인요?,2,SKT미납센터연락처,미납이용정지,미납직권해지,요금수납내역확인방법,,
758,3143,상담원요합니다,2,SK텔레콤고객센터운영시간,전화상담사연결,ONEstore고객센터,전화상담사연결,제조사AS센터연락처,SK텔레콤고객센터운영시간
759,927,이용 요금 선결제 하려구여,2,통신과금선결제,통신과금자동선결제신청방법,통신과금선결제이용방법,통신과금선결제이용방법,통신과금선결제,선불폰
760,1252,부가서비스는 어떻게 해서 요금이 나오나요?,2,부가서비스가입내역확인방법,단말보험가입방법,휴대폰보험보상신청방법,부가사용금액,,
761,5066,13일까지 못내면 정지인가요?,1,일시정지,유선일시정지신청/해제방법,일시정지해제방법,정지관련,,
762,1033,7세 아이의 법정대리인으로 등록하고 싶어요,2,법인위임대리인연장신청방법,법인위임대리인신청방법,법인위임대리인,미성년자법정대리인정지,미성년자법정대리인정지신청방법,법인위임대리인
763,621,사이판 로밍,2,0틴플랜스몰,0플랜스몰,T괌사이판요금제잔여량확인,T괌사이판요금제잔여량확인,T괌사이판옵션변경,
764,1847,114센터,2,SK텔레콤고객센터운영시간,타통신사고객센터,전화상담사연결,전화상담사연결,,
765,3931,통화는 아니예요,2,전화상담사연결,SK텔레콤고객센터운영시간,타통신사고객센터,전화관련,전화상담사연결,비밀번호통화서비스
766,3897,요금 미납시 어떤 제제를 받나요?,2,SKT미납센터연락처,미납이용정지,미납직권해지,미납이용정지,과납,휴대폰결제연체가산금
767,3048,미납 가능일 등록,2,SKT미납센터연락처,미납이용정지,SKT해지미납센터연락처,요금납부일확인방법,,
768,402,1년 약정신청합니다,2,요금약정할인제도,,,데이터결합약정할인신청방법,신규가입구비서류,가입상담예약방법
769,3452,출국시 자동로밍설정해놓았는데 로밍 전화가안되네요?,2,로밍중발신번호표시,로밍한사람간통화요금,T로밍청구내역서,자동휴대폰결제차단방법,자동휴대폰결제차단해제방법,
770,3751,자동납부 인출 기간은 며칠이야?,2,요금납부일확인방법,과납,부가사용금액,법인폰자동납부내역조회방법,자동납부번호확인방법,가족간데이터자동선물발송시점
771,5891,일딴 미납요금 한달치 납부 가능하지요?,1,SKT미납센터연락처,미납이용정지,미납직권해지,단말기할부금중도납부방법,SKT미납센터연락처,미납이용정지
772,1957,인터넷하고싶어,2,유선인터넷접속불가조치방법,,,인터넷관련,퀵보이스,퀵보이스차단서비스
773,2786,이번달 요금 확인해주세요,2,부가사용금액,편의점요금납부,과납,실시간요금상세내역,,
774,4651,소액결제랑정보이용료,1,콘텐츠이용료가능대상,휴대폰결제이용동의신청방법,,결제관련,,
775,4858,정지안되려면,1,일시정지,,,정지관련,유선일시정지신청/해제방법,일시정지
776,1805,내 요금제 변경에 따른 위약금이 혹시 발생할까?,2,프리미엄패스1,가산금,휴대폰결제연체가산금,데이터결합약정할인반환금,장비변상금,선택약정할인제도할인반환금부과대상
777,1838,언제나 상담헤 조서 고마워,2,전화상담사연결,SK텔레콤고객센터운영시간,타통신사고객센터,각종업무구비서류,,
778,1261,게임 원할하게 할수있는 인터넷 요금제 알려줘,2,T_광랜인터넷,T플러스B인터넷,T플러스B인터넷신청방법,게임관련,요금제문의,Btv요금제
779,1029,소액결제   한도변경은 어디서할까요,2,휴대폰결제이용가능대상,,,애플콘텐츠이용료결제이용한도,데이터통화료상한제도,법인휴대폰결제이용한도
780,3465,다음달에 정지되는거야?,2,일시정지,유선일시정지신청/해제방법,,정지관련,,
781,4908,컬러링 10웡9일 신청햇고 100원으로 확인했어용,1,컬러링서비스기본음설정방법,컬러링서비스신청방법,원플러스컬러링,컬러링서비스신청방법,컬러링서비스,
782,2099,상세 명세서보내주세요,2,세금계산서신청방법,세금계산서재발행방법,요금수납내역확인방법,각종업무구비서류,요금안내서발행유형자동변경해제방법,요금안내서변경방법
783,5184,아리아 안녕,1,NUGU서비스음성인식기능,BtvAI셋톱박스음성인식불가조치방법,소리샘서비스비밀번호,알버트AI,A.,
784,3942,에이닷을 통해서 통화하면 t전화에서 수신기록이 없는데 이걸 어떻게 해결하죠?,2,T전화음성으로전화하기,T전화스팸기능,T전화모드유지,T전화AI통화녹음,,
785,3503,총납부금액,2,과납,부가사용금액,편의점요금납부,단말기할부금중도납부방법,,
786,644,선택약정 연장하고 싶습니다,2,선택약정할인제도만료문자발송시기,선택약정할인제도가입조건,선택약정할인제도할인반환금부과대상,연장관련,번호변경안내서비스연장방법,분실정지수신기간연장방법
787,5303,납부가 가능한데,1,요금부분납부방법,요금수납내역확인방법,편의점요금납부,결제관련,단말기할부금중도납부방법,편의점요금납부
788,2508,할인약정기간,2,요금약정할인제도,,,T데이터쿠폰사용기간,요금약정할인제도,T로밍카드유효기간
789,5636,미납요금안불했오요,1,SKT해지미납센터연락처,미납직권해지,SKT미납센터연락처,SKT미납센터연락처,미납이용정지,과납
790,2164,미납요금 납부가능일 12월 10일로 등록,2,SKT미납센터연락처,미납이용정지,미납직권해지,요금납부일확인방법,,
791,4191,분실파손 자기부담금,2,휴대폰보험보상신청방법,단말보험해지방법,단말보험가입방법,분실파손보험,,
792,5592,"간편 로그인은 1,000원 이고요",1,휴대폰간편로그인신청방법,휴대폰간편로그인,휴대폰간편로그인해지방법,휴대폰간편로그인,로그인관련,휴대폰간편로그인신청방법
793,6388,11월달 요금이 더  나왔내요,1,과납,부가사용금액,,데이터추가사용방법,,
794,5936,요금 청구서를 이메일로 받고 십습니다,1,MMS,,,이메일상담,요금안내서발행유형자동변경해제방법,이용계약증명서발급방법
795,1564,해외에서 인증이 안되는지,2,로밍중인증문자수신,,,Wavve부가서비스인증방법,인증관련,로밍중인증문자수신
796,1476,두번으로 나누어 납부 가능한가요?,2,부가사용금액,과납,편의점요금납부,TAll케어플러스2,분실파손2,컬러링플러스2
797,2143,미납요금 언제까지 내면돼나요 두달거요?,2,SKT미납센터연락처,미납이용정지,미납직권해지,미납이용정지,과납,SKT미납센터연락처
798,6058,15일에 10월분 납부가능할까요?,1,부가사용금액,과납,요금납부일확인방법,요금납부일확인방법,,
799,4367,국제전화를안들오게하는방법,2,국제전화사업자선택,국제전화청구주기,국제전화알림Biz레터링,국제전화발신금지,국제전화수신거부서비스,
800,4522,문자 확인했습니다~^^,1,스팸문자,일500건SMS발송량제한,문자메시지서비스,문자메시지서비스,메시지관련,MMS
801,6052,혹시 문자로 발송 가능할까요 ?,1,일500건SMS발송량제한,등기문자,문자메시지서비스,문자메시지서비스,MMS,메시지관련
802,6415,지금 배우자 핫스팟연결해서 겨우 연락드립니다,1,테더링및모바일핫스팟,휴대폰핫스팟연결불가조치방법,,휴대폰핫스팟연결불가조치방법,테더링및모바일핫스팟,
803,3911,통신비 할인카드,2,T멤버십포인트,T멤버십사용내역확인방법,T멤버십포인트유효기간,Btv쿠폰,SK텔레콤할인혜택,
804,2925,오늘납부하게요,2,부가사용금액,과납,편의점요금납부,요금납부일확인방법,단말기할부금중도납부방법,
805,613,앞으로 청구서 보내지 말고 문자으로 보내주세요,2,요금안내서발행유형자동변경해제방법,요금안내서변경방법,요금안내서재발행방법,문자메시지서비스,휴대폰문자수발신실패조치방법,MMS
806,3916,연락처 차단,2,휴대폰결제대행사연락처,SK텔레콤고객센터운영시간,ONEstore고객센터,차단관련,,
807,4869,지금  납부가능하나여,1,요금부분납부방법,요금수납내역확인방법,편의점요금납부,가입비,단말기할부금중도납부방법,결제관련
808,1457,T끼리데이터 자동선믈,2,ZEM플랜요금제,,,Wavve앤데이터,,
809,2662,연락쳐,2,휴대폰결제대행사연락처,ONEstore고객센터,SK텔레콤고객센터운영시간,전화상담사연결,제조사AS센터연락처,
810,1904,바로이용중에 사용 용량변경가능한가요?,2,baroBox잔여량조회,baro요금제잔여량확인,,baroBox옵션변경,,
811,1480,이번호는 해외로밍이자동 인가요?,2,T로밍청구내역서,,,법인폰자동납부내역조회방법,,
812,514,전화왔을시 로밍 안내,2,로밍중전화발신방법,로밍통화요금,로밍한사람간통화요금,T로밍고객센터,T로밍카드고객센터,T로밍카드
813,5496,뭐 그룹을 나눠서 한다는거요,1,가족결합확인방법,요즘가족결합,가족결합상품해지방법,T전화그룹통화,,
814,3390,20고개 하자,2,5G기기변경방법,,,T나는폰교체20,,
815,1340,기본형?,2,휴대폰기기변경방법,,,원패스VIP기본형,컬러링서비스기본음설정방법,
816,2601,해지를  할려고  하는데,2,이동전화해지방법,자동납부해지방법,유선해지방법,예상해지금액,이동전화해지방법,Btv월정액해지방법
817,746,내요금내역조 알려주세요,2,요금수납내역확인방법,요금부분납부방법,편의점요금납부,콘텐츠이용료구매내역확인방법,요금수납내역확인방법,애플콘텐츠이용료결제내역확인방법
818,3765,로밍가능문의,2,로밍한사람간통화요금,로밍통화요금,로밍중휴대폰기능사용요금,T로밍카드,T로밍고객센터,가족로밍
819,445,통화 중에 메모 하려면 어떻게 해야 됩니까?,2,MMS,이메일상담,,메시지관련,,
820,818,결제 이용 차단 해지,2,자동휴대폰결제차단해제방법,휴대폰결제이용제한방법,,차단해제관련,,
821,5599,기업으로 보내주세요,1,타통신사고객센터,전화상담사연결,SK텔레콤고객센터운영시간,각종업무구비서류,퀵보이스,퀵보이스차단서비스
822,2234,패스앱,2,PASS신청방법,PASS,PASS해지방법,PASS,XboxGamePass,XboxGamePass이용방법
823,4527,법인폰이다보니 본인인증이 안되서요 법인 정보 드리면 되나요?,1,법인본인확인비밀번호서비스신청방법,법인본인확인비밀번호서비스,법인본인확인비밀번호서비스이용방법,법인본인확인비밀번호서비스이용방법,법인본인확인비밀번호서비스신청방법,법인본인확인비밀번호서비스
824,1092,당월 요금 말고요 미납 요금 한 달분만 입금하고 싶은데요,2,SKT미납센터연락처,미납이용정지,,단말기할부금중도납부방법,,
825,2381,해외인데 문자 수신이 안된다,2,해외SMS서비스,로밍문자요금,,해외MMS서비스,해외SMS서비스,해외SMS발신금지서비스
826,2083,통화불,2,선불폰,목소리인증,선불폰충전금액별이용기간,휴대폰전화수발신불가조치방법,집전화수발신불가조치방법,전화관련
827,5921,별도 표시가 안 되어도 T전화 전용 화면으로 바뀌면서 연결이 되었었어요.,1,T전화모드유지,T전화스팸기능,T전화설정방법,T전화이용방법,T전화,T전화설정방법
828,3645,Wow Sans,2,Wavve코인확인방법,,,BtvSBS월정액,데이터SOS,
829,3855,요금안내서 문자안내,2,요금안내서변경방법,요금안내서발행유형자동변경해제방법,요금안내서재발행방법,문자메시지서비스,메시지관련,MMS
830,6211,포인트확인부탁함니다,1,레인보우포인트사용방법,레인보우포인트,레인보우포인트확인방법,BtvTV포인트,T멤버십T플러스포인트조회방법,BtvB포인트
831,5211,재가입을 하려면 영업장을 방문해야한다는 건가요?,1,영업장위치확인,개통대리점조회방법,행복AS,선택약정할인제도재가입조건,,
832,2927,데이티선물하기,2,T끼리데이터선물하기대상,T끼리데이터선물하기비용,T끼리데이터선물조르기방법,T끼리데이터선물조르기방법,T끼리데이터선물하기비용,T끼리데이터선물하기알림
833,5175,요금 청구서 언제나와여?,1,요금안내서재발행방법,,,요금안내서발행유형자동변경해제방법,각종업무구비서류,
834,3046,청구서빠리문자,2,요금안내서재발행방법,요금안내서변경방법,요금안내서발행유형자동변경해제방법,요금안내서발행유형자동변경해제방법,휴대폰문자수발신실패조치방법,문자메시지서비스
835,953,휴대폰 분실보호해지,2,분실폰찾기단말잠금,분실폰찾기개인정보삭제,분실폰찾기알람,휴대폰보호서비스해지방법,휴대폰번호보호해지방법,고객보호비밀번호서비스해지방법
836,3737,근데 공유기는 어떡해바꿔,2,유선인터넷모뎀공유기,SK유무선공유기Wi-Fi이름암호확인방법,,5G기기변경방법,휴대폰기기변경방법,
837,1832,통신비안심서비스가입취소할겁니다,2,T안심보안신청방법,T안심보안,,T자녀안심해지방법,자동안심T로밍데이터해지,스마트안심쇼핑해지방법
838,539,바로전화모드,2,T전화baro,T전화baro이용방법,,T전화baro이용방법,T전화baro,
839,2470,오늘 휴대폰으로하는 결제 요청했는데 안되넹,2,휴대폰결제이용동의신청방법,휴대폰결제이용가능대상,,결제관련,,
840,416,결제차단해지,2,자동휴대폰결제차단해제방법,휴대폰결제이용제한방법,휴대폰결제이용차단,차단해제관련,휴대폰결제이용제한해제방법,데이터로밍차단해지
841,4054,오늘 납부 가능해요,2,부가사용금액,편의점요금납부,요금수납내역확인방법,요금납부일확인방법,단말기할부금중도납부방법,
842,2074,몇월달  미납요금인가요?,2,SKT미납센터연락처,미납이용정지,미납직권해지,미납이용정지,SKT미납센터연락처,
843,6331,안녕하세요 핸드폰 결제한도 조정문의드립니다,1,휴대폰결제이용가능대상,휴대폰결제이용제한방법,자동휴대폰결제차단방법,애플콘텐츠이용료결제이용한도,법인휴대폰결제이용한도,데이터통화료상한제도
844,800,개통 시간 알려주세요,2,철회,,,개통관련,휴대폰개통일확인방법,신규가입구비서류
845,3731,내가 국제전화 안되게 해 놨는데 해지 하려면 어떻게 합니까,2,국제전화알림Biz레터링,국제전화청구주기,국제전화사업자선택,국제전화발신금지,,
846,5670,이건 말고 건강지킴이,1,PASS건강지키미신청방법,PASS건강지키미,PASS건강지키미해지방법,PASS건강지키미,,
847,828,국제전화 발사 사용하기,2,국제전화사업자선택,국제전화알림Biz레터링,국제전화수신거부서비스,국제전화알림Biz레터링,,
848,5906,비트박스이 번호로 전화 한번 내주세요.,1,Btv셋톱박스연동방법,셋톱박스,Btv블루투스연결,T플러스B인터넷,,
849,2348,티브이 방송을 볼수없네요 켤때 체널이안됨,2,Btv실시간채널,,,Btv채널없음조치방법,,
850,4424,문자가 제대로 안 와요,2,일500건SMS발송량제한,등기문자,문자메시지서비스,휴대폰문자수발신실패조치방법,휴대폰MMS수발신실패조치방법,문자메시지서비스
851,3806,선택 약정,2,선택약정할인제도약정기간변경,선택약정할인제도만료문자발송시기,주민등록번호정정,Btv선택,선택약정할인제도가입조건,
852,3241,가입된요금제가 뭔가요?,2,이용계약증명서발급방법,이동전화가입제한,가입상담예약방법,요금제문의,Btv요금제,법인폰현재사용중요금제확인방법
853,5221,납부일자를 바꿀수 있나요,1,요금납부일확인방법,,,요금납부일변경방법,유선요금납부일변경방법,요금납부일확인방법
854,4731,데이터사용량 조회는 어디로들어가야하나요,1,최근사용량확인방법,T로밍음성사용량안내문자차단,T로밍데이터잔여량확인,자녀데이터사용량조회방법,최근사용량확인방법,
855,5612,월정액 얼마인가요?,1,Btv지상파월정액,,,Btv월정액,,
856,4809,남은 쿠폰 주셔요,1,T데이터쿠폰잔액조회방법,T데이터쿠폰사용기간,T쿠폰,T쿠폰잔액조회방법,T데이터쿠폰잔액조회방법,
857,1250,사업자회선,2,세금계산서신청방법,세금계산서재발행방법,,Tworld회선관리,,
858,3110,계약상내용과현재사용 내용이 다르지만 불편을 참고 해지방법을 찾고있어요,2,요금약정할인제도,,,데이터결합약정할인해지방법,예상해지금액,가족결합상품해지방법
859,1406,연락처  동기화,2,휴대폰결제대행사연락처,SK텔레콤고객센터운영시간,ONEstore고객센터,연동관련,Btv셋톱박스연동방법,
860,3395,상당사 연결,2,전화상담사연결,SK텔레콤고객센터운영시간,타통신사고객센터,타통신사고객센터,,
861,907,납부할금액??,2,과납,휴대폰결제연체가산금,가산금,결제관련,단말기할부금중도납부방법,
862,1986,그 휴대폰,2,내휴대폰기종확인,단말기교품,,휴대폰관련,휴대폰기기변경방법,아이폰관련
863,4218,쿠폰등록,2,T데이터쿠폰등록방법,T데이터쿠폰등록기간,T데이터쿠폰사용기간,T쿠폰등록방법,T데이터쿠폰등록방법,
864,2864,t전화 이용,2,T전화이용방법,T전화,T전화아이폰,T전화,T_인터넷전화,T전화이용방법
865,2401,약정 만기에대하여,2,요금약정할인제도,,,T데이터쿠폰사용기간,,
866,3161,왜전화가 안옵니까,2,T전화음성으로전화하기,T전화모드유지,T전화스팸기능,휴대폰전화수발신불가조치방법,집전화수발신불가조치방법,전화관련
867,3757,태블릿 전화연결,2,태블릿번호확인방법,,,연결관련,전화관련,Btv블루투스연결
868,5360,저는 모르는 휴대전화번호같아서요,1,다른번호문의,,,단말기일련번호확인방법,T멤버십카드번호확인방법,
869,2282,휴대폰 결제 목록 알려주셔요,2,휴대폰결제이용가능대상,,,콘텐츠이용료구매내역확인방법,요금수납내역확인방법,애플콘텐츠이용료결제내역확인방법
870,384,지금 확인필요,2,데이터리필하기데이터음성사용기간,데이터리필하기문자통보,데이터리필하기데이터공유가능여부,조회관련,퀵보이스,퀵보이스차단서비스
871,6406,상담하려합니다,1,전화상담사연결,SK텔레콤고객센터운영시간,타통신사고객센터,퀵보이스신청방법,퀵보이스,퀵보이스차단서비스
872,2265,문자 전송 안됨,2,일500건SMS발송량제한,등기문자,문자메시지서비스,휴대폰문자수발신실패조치방법,휴대폰MMS수발신실패조치방법,문자메시지서비스
873,4575,나머지 금액은 19일까지 납부하라하셔서,1,요금납부일확인방법,부가사용금액,과납,단말기할부금중도납부방법,,
874,3170,워치 유심 등록 문의드립니다,2,USIM기기변경방법,USIM카드교품방법,USIM카드구매방법,USIM기변방법,USIM카드구매방법,로밍중USIM변경
875,3927,9월달 요금,2,부가사용금액,편의점요금납부,과납,TTab9,T아이폰파손9,
876,3892,상대방 이 수신거절시 메시지나 상대방 이 수신돼는지요?,2,문자매니저,등기문자,문자메시지서비스,SMS수신거부,,
877,4648,T플랜 안심이 무슨 뜻 입니까,1,T플랜안심4G,자동안심T로밍,T플랜안심2.5G,T안심보안,,
878,2299,전화 수발신이 안되는것도 상담 가능한가요?,2,집전화잡음묵음조치방법,,,휴대폰전화수발신불가조치방법,집전화수발신불가조치방법,T전화오류문의
879,5455,지금남은것 한달이 9일인가,1,요금납부일확인방법,부가사용금액,실시간요금상세내역,일자별잔여통화안내,,
880,6263,혹시 제가미납된금액을 다냇어요,1,부가사용금액,편의점요금납부,,단말기할부금중도납부방법,해지미환급금조회방법,과납
881,5438,문자도받을 수 있나요?,1,문자매니저,문자메시지서비스,등기문자,문자메시지서비스,MMS,메시지관련
882,4040,baro 요금제 지금 한달 29000원짜리쓰고있는데 3g가짜리 가장높은게얼마지,2,T전화baro,T전화baro이용방법,baroYT요금제,baro3GB,baro4GB ,
883,4681,사용금액,1,실시간요금상세내역,휴대폰결제연체가산금,가산금,부가사용금액,,
884,2492,녹음 되는 사람,2,T전화녹음파일확인방법,T전화통화녹음기능,,T전화통화녹음기능,T전화녹음파일확인방법,영상통화관련
885,2217,요금이 많이 나와요,2,요금부분납부방법,요금수납내역확인방법,편의점요금납부,부가사용금액,,
886,5730,부가서비스 설정을 집에서 하려면 어디로 들어가야 하나요?,1,부가서비스가입내역확인방법,,,Btv사용자맞춤설정방법,Btv시스템설정방법,Btv화면음향설정방법
887,2939,아니 벌써 당월 요금이 청구 되나요,2,부가사용금액,,,요금납부일확인방법,휴대폰개통일확인방법,
888,1366,나의 로밍 요금제,2,로밍통화요금,로밍요금확인시점,로밍수신요금,T로밍카드,T로밍카드종류,
889,1316,친구에게 선물하기,2,T끼리데이터선물하기연령,가족간데이터자동선물하기,T끼리데이터선물하기대상,T끼리데이터선물하기대상,T끼리데이터선물조르기방법,T끼리데이터선물하기알림
890,2124,전화시간 추가돼??,2,실시간요금상세내역,,,T끼리온가족할인제도가족추가,데이터추가사용방법,추가관련
891,1421,리필크펀 무료로 주셈,2,데이터리필하기데이터공유가능여부,데이터리필하기mVoIP사용가능여부,데이터리필하기쿠폰과안심옵션중복사용,데이터리필하기쿠폰제공,데이터리필하기사용방법,데이터리필하기mVoIP사용가능여부
892,3600,가입해지문의,2,이동전화가입제한,이용계약증명서발급방법,가입상담예약방법,이동전화해지방법,Btv월정액해지방법,단말보험해지방법
893,1475,선불요금9900원빠졌는데,2,선불폰,선불폰충전금액별이용기간,선불폰충전취소방법,선불폰충전방법,선불폰,선불폰충전금액별이용기간
894,381,전화번호 차단하는법이 뭐더래,2,개별통화수신거부,개별통화수신거부이용방법,개별통화수신거부신청방법,차단관련,무선인터넷차단,
895,2639,휴대폰 결제 막아놓은 거 풀려고해요,2,휴대폰결제취소방법,자동휴대폰결제차단해제방법,,휴대폰결제이용제한해제방법,휴대폰결제이용제한방법,휴대폰결제이용차단
896,966,듀얼번호 하고싶어요,2,넘버플러스2신청방법,넘버플러스2,넘버플러스2번호확인방법,TAll케어플러스2,넘버플러스2,컬러링플러스2
897,4841,01064**63** 01071**63**으로  각 5천원씩 요금이 부과되고있는데 이게 무엇인지 모르겠어요,1,선불폰충전금액별이용기간,선불폰,선불폰충전취소방법,무료음성64,,
898,820,통화 시간도 선물할 수있어?,2,T끼리데이터선물하기연령,가족간데이터자동선물하기,T끼리데이터선물조르기방법,T끼리데이터선물하기알림,T끼리데이터선물조르기방법,T끼리데이터선물하기대상
899,3642,외국에서도 사용가능한지요?,2,로밍통화요금,로밍한사람간통화요금,로밍중휴대폰기능사용요금,해외SMS서비스,5G로밍가능국가,해외MMS서비스
900,6561,휴대폰 분실보호써비스 해지해주세요,1,분실폰찾기개인정보삭제,분실폰찾기알람,분실정지해제방법,고객보호비밀번호서비스해지방법,휴대폰보호서비스해지방법,휴대폰번호보호해지방법
901,2634,로밍 할려고요,2,로밍중휴대폰기능사용요금,데이터로밍요금,로밍수신요금,T로밍카드,T로밍고객센터,가족로밍
902,399,10일날잔액가능합니다,2,일자별잔여통화안내신청방법,일자별잔여통화안내,일자별잔여통화안내날짜변경방법,단말기잔여할부조회방법,,
903,3644,서비스센터,2,SK텔레콤고객센터운영시간,타통신사고객센터,제조사AS센터연락처,제조사AS센터연락처,유선A/S방문일정,NUGU서비스디바이스AS센터
904,1852,아니 약정 만료,2,요금약정할인제도,,,T데이터쿠폰사용기간,,
905,3246,요금 이중 으로 빠졌는데,2,과납,부가사용금액,편의점요금납부,컬러링플러스2,TAll케어플러스2,선택약정할인중복가입가능상품
906,5170,이전사용자가계속이번호로사용하고있는것겉습니다,1,개명개칭방법,,,선택약정할인제도승계조건,,
907,1479,로밍 이용방법을 알고 싶어요,2,로밍중전화발신방법,로밍중휴대폰기능사용요금,로밍통화요금,T로밍카드,T로밍고객센터,로밍중LTE데이터이용방법
908,442,내가쓴 데이터 잔여량알려줘,2,최근사용량확인방법,,,자녀데이터사용량조회방법,baro요금제잔여량확인,T데이터쿠폰잔액조회방법
909,1527,요금명세세발송,2,세금계산서재발행방법,세금계산서신청방법,요금부분납부방법,이용계약증명서발급방법,T로밍청구내역서,각종업무구비서류
910,3026,로밍하고싶어요,2,로밍중휴대폰기능사용요금,로밍중전화발신방법,로밍통화요금,T로밍카드,T로밍고객센터,가족로밍
911,1118,문자도용,2,문자매니저,스팸문자,문자메시지서비스,번호도용문자차단,,
912,1822,문자발송이400건초과돼서요,2,일500건SMS발송량제한,등기문자,문자메시지서비스,TAll케어플러스2파손40,,
913,4073,문자전송이안됨니다,2,일500건SMS발송량제한,문자메시지서비스,문자매니저,휴대폰문자수발신실패조치방법,휴대폰MMS수발신실패조치방법,문자메시지서비스
914,1042,인증서가 오지 안습니다,2,휴대폰인증서서비스,공동인증서등록방법,휴대폰인증서서비스해지방법,유선인터넷웹보안인증서문제조치방법,휴대폰인증서서비스,공동인증서등록방법
915,5393,지금은 발신만 정지인가요,1,발신금지서비스신청방법,발신금지서비스,발신금지서비스해지방법,발신금지서비스,,
916,4513,미납 요금 청구일을 어느정도까지 미룰 수 있는지 확인 하고 싶습니다,1,SKT미납센터연락처,미납이용정지,SKT해지미납센터연락처,미납이용정지,,
917,2036,데이터통화료,2,데이터통화료상한제도,데이터추가사용방법,,로밍통화요금,비밀번호통화서비스이용방법,비밀번호통화서비스
918,2506,도용문자차단,2,스팸문자,일500건SMS발송량제한,문자매니저,번호도용문자차단,,
919,2409,가입할께요,2,이동전화가입제한,가입상담예약방법,이용계약증명서발급방법,가입상담예약방법,신규가입구비서류,가입비
920,3330,통화정지,2,착신금지서비스신청방법,착신금지서비스,착신금지서비스해지방법,정지관련,유선일시정지신청/해제방법,일시정지
921,6350,전에는 정지 확정안내 안왔었는데,1,일시정지,,,정지관련,,
922,2240,유심관련,2,USIM기기변경방법,USIM카드구매방법,USIM카드교품방법,로밍중USIM변경,USIM기변방법,USIM카드구매방법
923,3848,요금냈는데 문자발송왜하는지요,2,일500건SMS발송량제한,등기문자,문자메시지서비스,문자메시지서비스,휴대폰문자수발신실패조치방법,등기문자
924,1952,핸드폰 보험이 되어있는지 확인하려고요,2,단말보험가입방법,휴대폰보험보상신청방법,단말보험해지방법,부가서비스가입내역확인방법,단말보험가입방법,
925,3141,미납하고당월요금,2,SKT미납센터연락처,미납이용정지,미납직권해지,미납이용정지,SKT미납센터연락처,휴대폰결제연체가산금
926,2618,로밍 고객센타 연락처,2,T로밍고객센터,,,T로밍카드고객센터,T로밍고객센터,
927,4298,해지내역,2,이동전화해지방법,자동납부해지방법,유선해지방법,예상해지금액,이동전화해지방법,철회
928,2945,이번달 말일 납부가능,2,요금납부일확인방법,부가사용금액,과납,단말기할부금중도납부방법,요금납부일확인방법,
929,4678,"선택약정요금제 만료가 다음달 13일인데, 또 가입을 하려고요. 진행해주실수있나요?",1,선택약정할인제도가입조건,선택약정할인제도할인반환금부과대상,선택약정할인반환금면제대상,선택약정할인제도약정기간변경,번호변경안내서비스연장방법,
930,6117,현재 제가 이용중인 로밍서비스 이름이뭔가요,1,T로밍청구내역서,로밍한사람간통화요금,로밍중발신번호표시,T로밍카드,T로밍고객센터,T로밍카드고객센터
931,5949,114로 전화하면 해지되나여,1,이동전화해지방법,자동납부해지방법,유선해지방법,유선해지방법,이동전화해지방법,
932,3408,취소할께여,2,이동전화해지방법,자동납부해지방법,,철회,예상해지금액,이동전화해지방법
933,2510,휴대폰결제 승인이 안돼요,2,휴대폰결제이용가능대상,콘텐츠이용료결제취소방법,휴대폰결제이용제한방법,휴대폰결제이용차단신청방법,휴대폰결제이용동의신청방법,
934,1771,해외에서 해외로 전화,2,로밍한사람간통화요금,T로밍청구내역서,로밍중전화발신방법,해외MMS서비스,해외SMS서비스,
935,1356,문자로 전송해조,2,일500건SMS발송량제한,문자메시지서비스,문자매니저,문자메시지서비스,메시지관련,MMS
936,4590,그거 납부하고 다음달 25일에,1,부가사용금액,과납,편의점요금납부,단말기할부금중도납부방법,,
937,2932,신용카드 로 납부 할게요,2,동일신용카드월5회수납제한,제휴카드할인,,결제관련,T로밍카드결제수단,OK캐쉬백납부
938,6467,패스프라임,1,PASS프라임서비스신청방법,5GX프라임,PASS프라임서비스,PASS프라임서비스,5GX프라임,5GX프라임+다이렉트플랜
939,3096,부가서비스기능은 무엇인가 요,2,부가서비스가입내역확인방법,,,부가사용금액,추가관련,
940,1129,법정대리인,2,법인위임대리인신청방법,법인위임대리인연장신청방법,법인위임대리인,미성년자법정대리인정지,법인위임대리인,미성년자법정대리인정지신청방법
941,4425,해지한줄 알았는데 해지가 안되었나요??,1,이동전화해지방법,자동납부해지방법,유선해지방법,예상해지금액,철회,이동전화해지방법
942,5340,법인 전화 입니다,1,법인폰요금안내서신청_변경방법,,,법인고객센터,T끼리법인요금제,
943,3283,이용명세서 문자발송,2,일500건SMS발송량제한,등기문자,문자메시지서비스,이용계약증명서발급방법,요금안내서발행유형자동변경해제방법,
944,1402,와이파이 설정,2,Twifizone,Twifizone찾기,Twifizone이용방법,Btv사용자맞춤설정방법,,
945,5958,11일이후 카드납부할게요,1,동일신용카드월5회수납제한,,,단말기할부금중도납부방법,,
946,1061,공동인증서 pc에서 스마트폰으로 안됨,2,공동인증서등록방법,휴대폰인증서서비스,유선인터넷웹보안인증서문제조치방법,유선인터넷웹보안인증서문제조치방법,휴대폰인증서서비스,공동인증서등록방법
947,6530,로밍요금좀 알아보려고요,1,로밍통화요금,로밍수신요금,로밍요금확인시점,데이터로밍요금,로밍요금확인시점,T로밍카드
948,2347,단말기가격,2,휴대폰기기변경방법,단말기교품,내휴대폰기종확인,구매관련,휴대폰기기변경방법,
949,4108,통화중 수신번호 표시,2,통화중대기서비스,통화중대기서비스신청방법,,SMSMMS발신자번호확인,,
950,5873,해지좀 부탁드립니다. 990원짜리,1,이동전화해지방법,유선해지방법,자동납부해지방법,콘텐츠이용료결제취소방법,Btv월정액해지방법,이동전화해지방법
951,1529,문자가 너무 늦게 와요,2,일500건SMS발송량제한,등기문자,문자메시지서비스,문자메시지서비스,,
952,2947,와이파이로 전화하는 방법 알려주세요,2,Twifizone,Twifizone이용방법,Twifizone찾기,Twifi렌탈,,
953,4686,사담사,1,전화상담사연결,SK텔레콤고객센터운영시간,T멤버십구매상품(구.초콜릿)상담센터,휴대폰결제대행사연락처,,
954,2205,btv 상담,2,BtvTV앱,Btv요금제,Btv유튜브시청방법,Btv,전화상담사연결,BtvTV앱
955,1360,로밍신청했는데요. 제꺼 핫스팟 연결해서 로밍 안한 자녀폰 사용 가능해요?,2,테더링및모바일핫스팟,휴대폰핫스팟연결불가조치방법,,휴대폰핫스팟연결불가조치방법,테더링및모바일핫스팟,
956,5593,그런데요~ 오늘 입금이 안되고 20 일까지 입금할수 있는데요,1,과납,,,TAll케어플러스200,분실파손200,
957,1600,내 나이는 12살이야,2,팅요금제자동변경시기,미성년자요금제변경방법,자녀요금조회방법,미성년자관련,NewT아이폰파손12,T아이폰케어12
958,6305,가입이 안되어 있나요,1,이동전화가입제한,가입상담예약방법,이용계약증명서발급방법,가입상담예약방법,이동전화가입제한,Btv미가입채널조치방법
959,3082,파손접수,2,분실파손3,분실파손3i보급,,휴대폰보험보상신청방법,,
960,5813,이번달 요금서 팩스받으려구요,1,요금수납내역확인방법,요금부분납부방법,기타요금,각종업무구비서류,이용계약증명서발급방법,요금안내서발행유형자동변경해제방법
961,1569,자녀 요즘제 약정 문의,2,미성년자요금제변경방법,자녀요금조회방법,팅요금제자동변경시기,요즘가족결합,요즘가족결합신청방법,
962,5534,혹시 상담사님 요고 필요 서류 볼수있는데 없어요?,1,전화상담사연결,SK텔레콤고객센터운영시간,타통신사고객센터,각종업무구비서류,이용계약증명서발급방법,
963,2543,T월드우주 구독해지해주세요,2,T우주패스패밀리서비스해지방법,T멤버십T우주Lite회원,T우주패스해지방법,T우주패스해지방법,T우주패스연간상품해지방법,ZEM플러스웅진스마트올해지방법
964,932,헥토이노베이션 취소할수있나요,2,퀵보이스해지방법,스팸ARS차단플러스해지방법,ZEM플러스웅진스마트올해지방법,멜론익스트리밍해지방법,T아이폰케어해지방법,ZEM플러스웅진스마트올해지방법
965,5374,가입을따로 해야하나요?,1,이동전화가입제한,가입상담예약방법,이용계약증명서발급방법,신규가입구비서류,가입상담예약방법,가입비
966,6223,안녕하세요. 납부 요일을 제가 15일로 설정했는데 어제 이용정지 문자가 왔습니다..,1,요금납부일확인방법,,,정지관련,,
967,1660,분할상환금,2,단말기할부금중도납부방법,단말기할부,가산금,데이터결합약정할인반환금,선택약정할인제도할인반환금부과대상,단말기할부금중도납부방법
968,5063,부가서비스는. 무슨요금이죠?,1,부가서비스가입내역확인방법,단말보험가입방법,휴대폰보험보상신청방법,부가사용금액,,
969,6094,그리고 재가입할때도 제가 혼자서 가입처리할수있는지요?,1,이동전화가입제한,가입상담예약방법,이용계약증명서발급방법,선택약정할인제도재가입조건,,
970,1520,선택약정을 가입할려고 합니다.,2,선택약정할인중복가입가능상품,선택약정할인제도가입조건,선택약정할인제도가입불가요금제,선택약정할인제도가입조건,선택약정할인제도가입불가요금제,Btv선택
971,5947,선택약정을  신청햇는데,1,선택약정할인제도할인반환금부과대상,선택약정할인제도가입조건,선택약정할인반환금면제대상,선택약정할인제도가입조건,Btv선택,선택약정할인제도가입불가요금제
972,2467,전화 중 전화받기를 이용하고 싶습니다,2,통화중대기서비스신청방법,통화중대기서비스,T_통화중대기,수신자비밀번호서비스이용방법,휴대폰전화수신불가조치방법,
973,6169,조금전에 자동 로그인 ?그걸신청한것 같아요,1,로그인보호서비스,로그인보호서비스신청방법,TloginSMS통보서비스,휴대폰간편로그인신청방법,로그인관련,통신과금자동선결제신청방법
974,939,핸드폰 단말기 남은 요금,2,단말기할부금중도납부방법,단말기할부,,단말기잔여할부조회방법,단말기할부금중도납부방법,
975,5425,대체로 쿠폰등록할수없냐고 여쭤보는거잖아요,1,T데이터쿠폰등록방법,T데이터쿠폰등록기간,T쿠폰구매방법,T쿠폰등록방법,T데이터쿠폰등록방법,
976,2459,인터넷상담이네요,2,전화상담사연결,,,인터넷관련,전화상담사연결,퀵보이스차단서비스
977,5853,저 지금 남아있는 미납요금 다음달 8일까지,1,SKT미납센터연락처,미납이용정지,,미납이용정지,SKT미납센터연락처,
978,4419,통화중 대기 다른전화 받기,2,통화중대기서비스,통화중대기서비스신청방법,T_통화중대기,타사고객baroBox이용,인터넷TV가입(타사),다른번호문의
979,3601,소리샘비번을잊었는데요,2,소리샘서비스,소리샘서비스청취방법,소리샘서비스비밀번호,소리샘서비스비밀번호,소리샘서비스,
980,631,요금제 전화알림 해제,2,T로밍도착알리미,웹발신알림,T로밍도착알리미옵션변경,자녀요금통보서비스해지방법,요금제변경가능일알림서비스,
981,4322,미납요금분활 상환이안되나요,2,SKT미납센터연락처,미납이용정지,미납직권해지,휴대폰결제연체가산금,단말기할부금중도납부방법,과납
982,3298,요금 납부 할여고 합니다 계좌번호  주세요,2,세금계산서신청방법,세금계산서재발행방법,요금수납내역확인방법,요금수납내역확인방법,,
983,3175,"선택약정만료, 연장신청",2,선택약정할인제도만료문자발송시기,선택약정할인제도할인반환금부과대상,선택약정할인제도가입조건,연장관련,번호변경안내서비스연장방법,선택약정할인제도약정기간변경
984,1420,로밍관련,2,로밍한사람간통화요금,T로밍청구내역서,로밍통화요금,T로밍카드,T로밍고객센터,가족로밍
985,2356,휴대폰결제 전번달에 쓴것이 있는데 요금청구는 언제되는지?,2,휴대폰결제이용동의신청방법,휴대폰결제이용가능대상,통신과금선결제이용방법,단말기할부금중도납부방법,,
986,2572,미납 납부하려함,2,SKT미납센터연락처,미납이용정지,미납직권해지,과납,SKT미납센터연락처,단말기할부금중도납부방법
987,5728,지난달보다 요금이 더 많이나왔어요,1,과납,,,데이터추가사용방법,,
988,1683,문자 수신만 가능한 요금제,2,문자매니저,문자메시지서비스,등기문자,문자메시지서비스,휴대폰문자수발신실패조치방법,메시지관련
989,1590,데이터취소,2,T끼리데이터선물하기취소,T끼리데이터선물하기비용,T끼리데이터선물하기알림,Wavve앤데이터해지방법,예상해지금액,이동전화해지방법
990,3954,BTV 장애,2,Btv유튜브시청방법,,,장애인복지할인제도,,
991,1196,음성 비밀번호,2,소리샘서비스비밀번호,소리샘서비스청취방법,소리샘서비스,음성관련,소리샘서비스비밀번호,소리샘서비스
992,1137,요금 쓴내역,2,부가사용금액,편의점요금납부,요금수납내역확인방법,콘텐츠이용료구매내역확인방법,요금수납내역확인방법,애플콘텐츠이용료결제내역확인방법
993,4000,가입 년도가 언제인가요?,2,가입상담예약방법,이동전화가입제한,Msafer서비스,휴대폰개통일확인방법,T끼리온가족할인제도가입년수확인방법,
994,5747,제가 지금요금제가어떤며,1,부가사용금액,과납,편의점요금납부,요금제문의,Btv요금제,요금제변경
995,6135,왜몆만원이 더청구된거지,1,퀵보이스이용방법,스팸ARS차단플러스,퀵보이스신청방법,추가관련,데이터추가사용방법,부가사용금액
996,712,유심을 넣었는데 안되때,2,USIM기기변경방법,USIM카드교품방법,USIM카드구매방법,로밍중USIM변경,USIM기변방법,USIM카드구매방법
997,1815,선택약정할인 연장하고싶어요,2,선택약정할인제도만료문자발송시기,선택약정할인제도가입조건,선택약정할인제도할인반환금부과대상,연장관련,번호변경안내서비스연장방법,분실정지수신기간연장방법
998,1849,선택 약정 연장 부탁드려요,2,선택약정할인제도약정기간변경,선택약정할인제도만료문자발송시기,주민등록번호정정,연장관련,번호변경안내서비스연장방법,법인위임대리인연장신청방법
999,1879,"실시간요금 3,475원은 무슨뜻인가요?",2,휴대폰결제연체가산금,실시간요금상세내역,가산금,실시간요금상세내역,,
1000,6303,그전에 납부도 가능할까요?,1,요금부분납부방법,요금수납내역확인방법,부가사용금액,가입비,,
1001,4442,해지하면서 요금 다 결제 됐구요,1,자동납부해지방법,이동전화해지방법,,콘텐츠이용료결제취소방법,예상해지금액,Btv월정액해지방법
1002,3460,인터넷 전화가 안됩니다,2,유선인터넷접속불가조치방법,집전화수발신불가조치방법,인터넷전화기전원불량조치방법,집전화수발신불가조치방법,휴대폰전화수발신불가조치방법,T전화오류문의
1003,3553,부위중 들을수 있는것은?,2,통화중대기서비스신청방법,통화중대기서비스,,소리관련,,
1004,3251,부가요금조회,2,요금부분납부방법,요금수납내역확인방법,편의점요금납부,부가사용금액,,
1005,3368,가상계좌 발송 부탁드립니다,2,차상위계층한부모가족복지할인제도,,,채팅플러스계좌송금서비스,,
1006,5587,핸드폰자체가안되는데,1,단말기교품,휴대폰기기변경방법,내휴대폰기종확인,휴대폰관련,,
1007,6074,부가서비스(T ALL케어플러스2 파손F) 해제하고 싶습니다.,1,TAll케어플러스3파손F,TAll케어플러스3파손80,TAll케어플러스3파손40,파손2F,,
1008,4200,요금제 때문에 가족으로 뭉치고 싶습니다,2,요즘가족결합,가족결합확인방법,요즘가족결합신청방법,TB끼리한가족할인,T전화그룹통화,T우주패스패밀리서비스
1009,2812,자녀 폰이 KT인데 여기서 선택약정 신청할 수 있나요?,2,선택약정할인제도만료문자발송시기,선택약정할인제도가입조건,선택약정할인제도할인반환금부과대상,선택약정할인제도가입조건,,
1010,5408,안녕하세요 당월 요금이 16만원이라고 떠서요,1,부가사용금액,과납,,T아이폰케어16,NewT아이폰케어16,
1011,5358,결제가안되는상황이라 114로통화후카드납부해야될까요,1,동일신용카드월5회수납제한,제휴카드할인,,결제관련,,
1012,3781,취소 해달라고요,2,이동전화해지방법,자동납부해지방법,유선해지방법,철회,콘텐츠이용료결제취소방법,예상해지금액
1013,1462,문자 발송이 안되네요,2,일500건SMS발송량제한,등기문자,문자메시지서비스,휴대폰문자수발신실패조치방법,휴대폰MMS수발신실패조치방법,문자메시지서비스
1014,1859,취소해야될것같아요,2,이동전화해지방법,자동납부해지방법,유선해지방법,철회,예상해지금액,콘텐츠이용료결제취소방법
1015,6436,콘텐츠이용요금요,1,콘텐츠이용료구매내역확인방법,콘텐츠이용료가능대상,구글Play스토어고객센터,부가사용금액,,
1016,6707,연락도가치주세요상담사,1,휴대폰결제대행사연락처,SK텔레콤고객센터운영시간,전화상담사연결,전화상담사연결,제조사AS센터연락처,SK텔레콤고객센터운영시간
1017,910,10월달 요금 납부를 했는데,2,요금부분납부방법,요금수납내역확인방법,기타요금,요금수납내역확인방법,,
1018,3379,자녀가kt인데,2,자녀요금조회방법,다자녀할인제도,자녀요금통보서비스,미성년자관련,T자녀안심,Btv자녀안심설정방법
1019,899,컨텐츠 이용료가 계속 증가하는데,2,콘텐츠이용료구매내역확인방법,구글Play스토어고객센터,휴대폰결제이용동의신청방법,데이터추가사용방법,부가사용금액,추가관련
1020,6449,확인해주셔서 감사합니다,1,전화상담사연결,SK텔레콤고객센터운영시간,타통신사고객센터,퀵보이스신청방법,퀵보이스,퀵보이스차단서비스
1021,4444,로밍을  하려는데  어떤상품이,1,로밍중휴대폰기능사용요금,로밍통화요금발생시점,로밍수신요금,T로밍카드,T로밍고객센터,가족로밍
1022,6670,그래서 남은 금액이 얼마가 청구되니요?,1,단말기할부금중도납부방법,,,단말기잔여할부조회방법,단말기할부금중도납부방법,
1023,2780,혹시 소액결제 한도 올리는거가능한가요,2,휴대폰결제이용가능대상,휴대폰결제이용동의신청방법,자동휴대폰결제차단방법,애플콘텐츠이용료결제이용한도,데이터통화료상한제도,법인휴대폰결제이용한도
1024,5927,106일부터 사용한 구글요금 환불됐다고 문자가 왔었거든요,1,구글Play스토어고객센터,콘텐츠이용료구매내역확인방법,휴대폰결제이용동의신청방법,데이터결합약정할인반환금,5GX퍼펙트클럽갤럭시S21반납조건,
1025,5280,그리고 부가서비스 빠져나가는게 있던데,1,부가서비스가입내역확인방법,,,부가사용금액,,
1026,2232,내 전화통화 시간,2,전화상담사연결,,,SK텔레콤고객센터운영시간,,
1027,3105,콘텐츠 가능액,2,콘텐츠이용료구매내역확인방법,콘텐츠이용료가능대상,,부가사용금액,,
1028,4764,금여가 밀려서 다음달에 요금 납부가능한데 괜찮나요?,1,부가사용금액,과납,편의점요금납부,단말기할부금중도납부방법,,
1029,6218,조금더 시간 을 줄수없나요?,1,실시간요금상세내역,,,추가관련,,
1030,4862,제가가입했나요?,1,이용계약증명서발급방법,이동전화가입제한,,부가서비스가입내역확인방법,가입정보조회,신규가입구비서류
1031,4849,나의요금을 조회하고 싶은데여,1,과납,부가사용금액,,실시간요금상세내역,조회관련,자녀요금조회방법
1032,3149,로밍요금 출력,2,로밍통화요금,로밍요금확인시점,로밍수신요금,T로밍청구내역서,로밍요금확인시점,
1033,2919,집 인터넷 연결 상태 안좋아서,2,유선인터넷접속불가조치방법,집전화수발신불가조치방법,인터넷전화기전원불량조치방법,Btv인터넷장애조치방법,유선인터넷접속불가조치방법,
1034,1924,전화 하시는분에게 현재 로밍 중 이라는 멘트가 안 나오게 하고 싶어요,2,로밍한사람간통화요금,로밍중전화발신방법,로밍통화요금,T로밍고객센터,T로밍카드고객센터,T로밍카드
1035,3470,지금까지 총 밀린요금??,2,실시간요금상세내역,휴대폰결제연체가산금,가산금,단말기잔여할부조회방법,,
1036,3334,로밍 조회,2,T로밍청구내역서,,,T로밍카드내역확인,로밍요금확인시점,로밍통화내역열람
1037,5208,기업은행 계좌로 보내 주세요,1,SK텔레콤고객센터운영시간,타통신사고객센터,전화상담사연결,채팅플러스계좌송금서비스,,
1038,4162,통화중 음원은 왜 해지 되었는지요?,2,통화중대기서비스해지방법,통화중대기서비스,,T전화탈퇴및서비스미사용,Btv월정액해지방법,이동전화해지방법
1039,5148,조금씩 초과되서 나왔던 금액은 복지50%된 금액인거죠?,1,복지할인제도,복지할인제도변경방법,,파손3i파손50,TAll케어플러스2i파손50,TAll케어플러스3패밀리i파손50
1040,4252,1회선물했습니다,2,가족간데이터자동선물하기,T끼리데이터선물하기연령,T끼리데이터선물하기비용,T끼리데이터선물조르기방법,T끼리데이터선물하기받은데이터사용방법,T끼리데이터선물하기알림
1041,3169,유심교체후 통화 안됨,2,USIM기기변경방법,USIM카드교품방법,USIM카드구매방법,USIM기변방법,로밍중USIM변경,USIM카드교품방법
1042,5250,카드납부하고자하는데,1,동일신용카드월5회수납제한,,,결제관련,단말기할부금중도납부방법,편의점요금납부
1043,2792,로밍 알려줘,2,로밍통화요금,로밍한사람간통화요금,로밍중전화발신방법,T로밍고객센터,T로밍카드,T로밍카드고객센터
1044,4161,데이터자동선물받기,2,T끼리데이터선물하기비용,가족간데이터자동선물하기,T끼리데이터선물하기대상,가족간데이터자동선물하기,가족간데이터자동선물발송시점,
1045,2090,남은 할부값,2,단말기할부,단말기할부금중도납부방법,,단말기할부금중도납부방법,단말기잔여할부조회방법,
1046,3373,t전화 일반전화로 전환,2,T전화모드유지,T전화음성으로전화하기,T전화설정방법,T_일반전화,,
1047,1987,납부가능일 등록 정정,2,요금납부일확인방법,,,요금납부일변경방법,요금납부일확인방법,유선요금납부일변경방법
1048,3764,브이컬러링 해제,2,V컬러링,V컬러링이용방법,원플러스컬러링설정방법,V컬러링해지방법,V컬러링오류조치방법,V컬러링
1049,1397,상담사연락,2,SK텔레콤고객센터운영시간,전화상담사연결,휴대폰결제대행사연락처,전화상담사연결,제조사AS센터연락처,SK텔레콤고객센터운영시간
1050,3605,이번달 20일전까지 납부하겠습니다,2,과납,부가사용금액,요금납부일확인방법,요금납부일확인방법,,
1051,2872,로밍이 되어 있나요?,2,로밍중전화발신방법,로밍통화요금,로밍중휴대폰기능사용요금,T로밍카드내역확인,,
1052,1956,상담 원합니다,2,전화상담사연결,SK텔레콤고객센터운영시간,ONEstore고객센터,퀵보이스신청방법,퀵보이스,퀵보이스차단서비스
1053,6338,뭐 가입에 1000원이 붙은건지,1,이동전화가입제한,이용계약증명서발급방법,가입상담예약방법,가입비,,
1054,2839,계좌번호 금액 보내주세요,2,SK텔레콤고객센터운영시간,,,채팅플러스계좌송금서비스,,
1055,3895,t전화 통화기록이 안나와요,2,T전화음성으로전화하기,T전화스팸기능,T전화그룹통화,통화내역열람방법,T전화녹음파일확인방법,T전화최근기록보기설정
1056,2345,통화중3g로 넘어가네요,2,통화중대기서비스,통화중대기서비스신청방법,T_통화중대기,LTE휴대폰3G데이터접속조치방법,baro3GB,TAll케어플러스3
1057,1238,문자발송이 안됩니다,2,일500건SMS발송량제한,스팸문자,문자메시지서비스,휴대폰문자수발신실패조치방법,휴대폰MMS수발신실패조치방법,SMS수신거부
1058,838,납부가능일 재등록,2,요금납부일확인방법,,,선택약정할인제도재가입조건,,
1059,2173,청구서 보내세요,2,요금안내서재발행방법,요금안내서변경방법,요금안내서발행유형자동변경해제방법,각종업무구비서류,이용계약증명서발급방법,요금안내서발행유형자동변경해제방법
1060,988,농협카드 문자가 오지않아서 문의합니다,2,제휴카드할인,동일신용카드월5회수납제한,,휴대폰문자수발신실패조치방법,휴대폰MMS수발신실패조치방법,
1061,4172,휴대폰 접속 지연,2,휴대폰통화권이탈조치방법,,,휴대폰데이터속도저하조치방법,유선인터넷속도저하조치방법,
1062,3852,휴대폰결제 문의 안내,2,휴대폰결제이용가능대상,콘텐츠이용료가능대상,휴대폰결제이용동의신청방법,결제관련,앱스토어결제수단,T로밍카드결제수단
1063,4622,로밍 요금도 부탁합니다,1,로밍통화요금,로밍한사람간통화요금,로밍중휴대폰기능사용요금,데이터로밍요금,로밍요금확인시점,T로밍카드
1064,1448,청구서빠리보내,2,요금안내서재발행방법,요금안내서변경방법,요금안내서발행유형자동변경해제방법,요금안내서발행유형자동변경해제방법,각종업무구비서류,
1065,1959,T 맴버십 혜택 알려줘!,2,퀵보이스신청방법,스팸ARS차단플러스신청방법,퀵보이스,BtvT멤버십사용방법,T멤버십혜택,휴대폰결제멤버십
1066,795,자녀가 사용하는 번호,2,다른번호문의,,,단말기일련번호확인방법,태블릿번호확인방법,T멤버십카드번호확인방법
1067,3977,새로운 상담 사작할래,2,전화상담사연결,SK텔레콤고객센터운영시간,,신규가입구비서류,,
1068,1615,가족보호서비스 해지,2,가족결합확인방법,가족결합상품대표회선변경방법,,휴대폰가족보호해지방법,휴대폰보호서비스해지방법,휴대폰번호보호해지방법
1069,2715,안녕하세요 이동전화 가입은 어떻게 해야 할수 있나요?,2,가입상담예약방법,이동전화가입제한,이용계약증명서발급방법,신규가입구비서류,휴대폰개통일확인방법,가입상담예약방법
1070,5964,네114전화로해야될까요?,1,T전화모드유지,T전화아이폰,T전화설정방법,T전화T114이용방법,,
1071,2034,데이터 다 쓰면 요금은 어떻게 되는지,2,데이터통화료상한제도,데이터추가사용방법,,자녀데이터사용량조회방법,,
1072,4903,핸드폰본인증으로는 안돼요,1,휴대폰인증서서비스,,,로밍중인증문자수신,목소리인증,Btv셋톱박스인증번호확인방법
1073,3539,조금전 헥토이노베이션에 가입하고 대금이 빠진다는 문자 받았음. 해지하려하니 어떻게 해야하는지?,2,스팸ARS차단플러스해지방법,퀵보이스해지방법,,T아이폰케어해지방법,멜론익스트리밍해지방법,
1074,1032,휴대폰 인증 번호가 안와서요,2,Btv인증번호설정방법,공동인증서등록방법,휴대폰인증서서비스,Btv셋톱박스인증번호확인방법,로밍중인증문자수신,Btv인증번호설정방법
1075,5703,네 고객센터 연락해볼께요,1,SK텔레콤고객센터운영시간,ONEstore고객센터,타통신사고객센터,제조사AS센터연락처,전화상담사연결,SK텔레콤고객센터운영시간
1076,4791,이중으로나가나요?,1,과납,부가사용금액,편의점요금납부,컬러링플러스2,TAll케어플러스2,분실파손2
1077,2272,터이터조회,2,T끼리데이터선물조르기방법,T끼리데이터선물하기연령,T끼리데이터선물하기대상,조회관련,가입정보조회,
1078,3485,결제서비스차단해제,2,휴대폰결제이용차단,자동휴대폰결제차단해제방법,휴대폰결제이용제한방법,차단해제관련,휴대폰결제이용제한해제방법,
1079,5403,그러면 다시 할인받으려면?,1,SK텔레콤할인혜택,,,선택약정할인제도재가입조건,,
1080,5410,쿠폰 사용했는데,1,T데이터쿠폰사용기간,T쿠폰구매방법,T데이터쿠폰등록방법,Btv쿠폰,T쿠폰,
1081,1833,제 요급납부서를 타인이 볼 수 있는건가요?,2,단말기자급제도,기초생활수급자복지할인제도,휴대폰긴급전화표시조치방법,요금수납내역확인방법,콘텐츠이용료구매내역확인방법,
1082,1528,잘못눌러서 통신비안심서비스에 가입되버렸는데 해지하고싶습니다,2,T안심보안신청방법,T안심보안,,T자녀안심해지방법,,
1083,3297,입금 어디로할가요,2,과납,세금계산서신청방법,세금계산서재발행방법,결제관련,편의점요금납부,
1084,681,요금 납부를 가상계좌 번호로 입금가능 할까요,2,세금계산서신청방법,세금계산서재발행방법,,채팅플러스계좌송금서비스,,
1085,2273,알림창 바꾸기,2,웹발신알림,요금제변경가능일알림서비스신청방법,,요금안내서변경방법,웹발신알림,요금제변경가능일알림서비스
1086,3225,발신자,2,발신번호확인서비스,발신번호표시,T_발신번호표시,발신번호관련,발신번호확인서비스,
1087,4179,V컬러링 상담입니다,2,V컬러링이용방법,V컬러링,V컬러링신청방법,V컬러링,V컬러링이용방법,V컬러링오류조치방법
1088,2704,인터넷차단,2,무선인터넷차단신청방법,무선인터넷차단,,차단관련,무선인터넷차단,데이터로밍차단시통화문자이용
1089,5561,정지기한을 좀 늘려주시는건안되실까요?,1,일시정지,,,분실정지수신기간연장방법,연장관련,
1090,3868,로밍사용방법,2,로밍통화요금,로밍중전화발신방법,로밍중휴대폰기능사용요금,로밍중LTE데이터이용방법,T로밍카드,
1091,919,문자발송관련,2,일500건SMS발송량제한,등기문자,문자메시지서비스,문자메시지서비스,메시지관련,MMS
1092,6538,유심 바꿔야 하나요?,1,USIM기기변경방법,USIM카드교품방법,USIM카드구매방법,USIM기변방법,로밍중USIM변경,USIM카드구매방법
1093,3254,선택재약정,2,선택약정할인제도만료문자발송시기,선택약정할인제도가입조건,선택약정할인제도재가입조건,선택약정할인제도재가입조건,,
1094,534,네트워크,2,모바일Btv앱,,,Btv네트워크오류조치방법,,
1095,4761,그때전화해서 납부할게요,1,부가사용금액,과납,편의점요금납부,단말기할부금중도납부방법,요금수납내역확인방법,결제관련
1096,3802,이번에 납부해야할 요금,2,요금부분납부방법,요금수납내역확인방법,편의점요금납부,단말기할부금중도납부방법,,
1097,5673,제가대리점가서낼게요,1,영업장위치확인,개통대리점조회방법,행복AS,휴대폰결제대행사연락처,개통대리점조회방법,제조사AS센터연락처
1098,5550,10월 11월 재발행했습니다,1,요금안내서재발행방법,,,유선요금안내서재발행방법,요금안내서재발행방법,
1099,3367,1년 재가입신청,2,이동전화가입제한,가입상담예약방법,이용계약증명서발급방법,선택약정할인제도재가입조건,,
1100,3710,문자수신이안되요,2,문자매니저,문자메시지서비스,SMS수신거부,SMS수신거부,휴대폰문자수발신실패조치방법,SMS수신거부신청방법
1101,885,선택약정 가입이 안되요,2,선택약정할인제도가입조건,선택약정할인제도가입불가요금제,선택약정할인제도할인반환금부과대상,선택약정할인제도가입불가요금제,선택약정할인제도가입조건,
1102,5830,넵 변경해주세요,1,문자스팸필터링,퀵보이스이용방법,스팸ARS차단플러스설정방법,휴대폰기기변경방법,Btv시스템설정방법,Btv화면음향설정방법
1103,4697,자꾸. 이상한전화가 와서요..,1,T전화음성으로전화하기,T전화스팸기능,T전화모드유지,전화관련,,
1104,3705,장기 가입 쿠폰이 뭐야,2,T데이터쿠폰등록방법,T데이터쿠폰사용기간,T데이터쿠폰등록기간,장기가입고객할인제도,유선장기일시정지,장기일시정지
1105,6325,그럼 지금 데이터 쿠폰 몇장있는건 가요?,1,T데이터쿠폰사용기간,T데이터쿠폰등록기간,T데이터쿠폰등록방법,Btv쿠폰,,
1106,1727,로그인서비스 해제좀해주세요.,2,로그인보호서비스해지방법,로그인보호서비스신청방법,로그인보호서비스,휴대폰간편로그인해지방법,로그인관련,휴대폰간편로그인
1107,3706,9월요금만,2,요금납부일확인방법,,,TTab9,,
1108,909,납부번호로 이체하면되나요?,2,요금수납내역확인방법,요금부분납부방법,편의점요금납부,자동납부번호확인방법,,
1109,4843,해당 고객센터에 확인하면 되나요?,1,타통신사고객센터,SK텔레콤고객센터운영시간,제조사AS센터연락처,제조사AS센터연락처,전화상담사연결,유선A/S방문일정
1110,623,선택역정 할인 동의,2,선택약정할인제도공제순서,선택약정할인제도가입조건,선택약정할인제도가입불가요금제,Btv선택,,
1111,3657,사용 내역,2,실시간요금상세내역,,,콘텐츠이용료구매내역확인방법,요금수납내역확인방법,애플콘텐츠이용료결제내역확인방법
1112,5307,별도로 로밍 신청않해도되나요?,1,로밍중전화발신방법,로밍중휴대폰기능사용요금,로밍통화요금,T로밍카드등록방법,,
1113,6625,그럼 13일까지 미납요금을 못내면 정지인거죠?,1,SKT미납센터연락처,미납이용정지,SKT해지미납센터연락처,미납이용정지,정지관련,
1114,895,요금제 몇만원 더 낸다고 지랄이야,2,과납,부가사용금액,요금부분납부방법,데이터추가사용방법,부가사용금액,
1115,4423,요금납부 전화번호  알고싶어요,2,요금수납내역확인방법,요금부분납부방법,기타요금,SKT미납센터연락처,,
1116,6180,고객센터로 해지신청 육선으로만 돼나요?,1,이동전화해지방법,자동납부해지방법,유선해지방법,유선해지방법,,
1117,5467,요금을 한달치만 먼저 납부 가능할까요,1,요금부분납부방법,부가사용금액,요금수납내역확인방법,통신과금선결제,통신과금선결제이용방법,
1118,5255,t올케어 해지하고 싶어서요,1,단말보험해지방법,단말보험가입방법,휴대폰보험보상신청방법,T아이폰케어해지방법,ZEM플러스웅진스마트올해지방법,오토콜해지방법
1119,4002,통화중 수신 전화 안내,2,통화중대기서비스,통화중대기서비스신청방법,T_통화중대기,휴대폰전화수신불가조치방법,,
1120,4982,그럼 번호를 정확하게 알려줘야되는데,1,태블릿번호확인방법,번호이동제도,휴대폰번호보호신청방법,단말기일련번호확인방법,T멤버십카드번호확인방법,태블릿번호확인방법
1121,4589,저 내일까지 미납요금 납부 가능한데요,1,SKT미납센터연락처,미납이용정지,,단말기할부금중도납부방법,SKT미납센터연락처,미납이용정지
1122,3072,로밍 자동개시형,2,로밍중전화발신방법,로밍중휴대폰기능사용요금,로밍중발신번호표시,휴대폰개통일확인방법,,
1123,6369,이것도 30일 등록해주세요,1,요금납부일확인방법,,,T데이터쿠폰등록기간,,
1124,783,함께쓰기 무료가능,2,Data함께쓰기신청방법,Data함께쓰기,가족나눔데이터나눠쓰기,Data함께쓰기,TTab함께쓰기공유요금제,5G함께쓰기프로모션
1125,3133,전화통화를 하는데 상대방이 내목소리가 안들린다하네요 제쪽에선 들리는데,2,휴대폰통화목소리작음조치방법,휴대폰통화목소리울림조치방법,휴대폰영상수발신불가조치방법,Btv소리묵음조치방법,음성관련,휴대폰통화목소리울림조치방법
1126,2088,미납요금 납부가능일 알려쥐,2,SKT미납센터연락처,미납이용정지,미납직권해지,요금납부일확인방법,,
1127,905,카드납부 부탁드립니다.,2,동일신용카드월5회수납제한,,,결제관련,단말기할부금중도납부방법,세금계산서신청방법
1128,3635,데이터 잔여량이 모야,2,최근사용량확인방법,,,baro요금제잔여량확인,baroBox잔여량조회,자녀데이터사용량조회방법
1129,474,티비 영화가  두번결제되어  문의합니다,2,T멤버십VIPPick영화예매방법,VIP요금제프로그램,,TAll케어플러스2,컬러링플러스2,분실파손2
1130,4198,연락처 다운로드,2,휴대폰결제대행사연락처,SK텔레콤고객센터운영시간,ONEstore고객센터,전화상담사연결,제조사AS센터연락처,
1131,3032,한도요금,2,휴대폰결제연체가산금,실시간요금상세내역,가산금,데이터통화료상한제도,법인휴대폰결제이용한도,애플콘텐츠이용료결제이용한도
1132,3638,휴대용 와파이 요금,2,Twifizone이용방법,Twifizone,휴대폰TWi-FiZone이용불가조치방법,Twifi렌탈이용요금,Twifi렌탈,T_GigaWiFi
1133,1002,자녀 통신요금 선택약정,2,요금약정할인제도,,,선택약정할인제도가입조건,,
1134,4546,해외인데 유료 전화인가요?,1,T로밍청구내역서,,,로밍통화요금,해외MMS서비스,해외SMS서비스
1135,4805,아 감사합니다. 혹시 이번에 낸 요금 중에 로밍 요금도 같이 나가졌나요?,1,로밍한사람간통화요금,로밍통화요금,로밍요금확인시점,데이터로밍요금,로밍요금확인시점,
1136,3959,한도금액보다높아 변경안됨,2,휴대폰결제연체가산금,,,데이터통화료상한제도,애플콘텐츠이용료결제이용한도,법인휴대폰결제이용한도
1137,2064,한달치 납부합니다 금액과 계좌주세요,2,부가사용금액,편의점요금납부,과납,요금수납내역확인방법,단말기할부금중도납부방법,
1138,1403,쿠폰 사용 이력,2,T데이터쿠폰사용기간,T데이터쿠폰등록방법,T데이터쿠폰등록기간,수납이력서재발행방법,T멤버십사용내역확인방법,개통이력단말기피해보상제도
1139,3877,전화 방해 금지 설정,2,착신금지서비스신청방법,고액정보이용료특이정지,착신금지서비스,차단관련,,
1140,5608,납부가능일때문에여,1,과납,부가사용금액,편의점요금납부,요금납부일확인방법,요금납부일변경방법,
1141,799,쿠폰 사용할래,2,T데이터쿠폰사용기간,T쿠폰구매방법,T데이터쿠폰등록방법,Btv쿠폰,T쿠폰,T쿠폰구매방법
1142,1372,"3일동안 로밍진행하고 싶은데, 가능할까요?",2,로밍한사람간통화요금,T로밍청구내역서,로밍통화요금,T로밍카드,,
1143,4532,데이터로밍허용해달라구하셨는데,1,데이터로밍요금,로밍중휴대폰기능사용요금,로밍수신요금,T로밍카드,데이터로밍요금,5G로밍서비스
1144,3399,쿠폰을 타인어게 선물을 할 수가 있나요.,2,데이터리필하기쿠폰유효기간,데이터리필하기선물받은리필쿠폰소멸,T데이터쿠폰잔액조회방법,T끼리데이터선물하기대상,T끼리데이터선물조르기방법,T끼리데이터선물하기알림
1145,2948,콘텐츠이용료 한도변경,2,콘텐츠이용료구매내역확인방법,구글Play스토어고객센터,휴대폰결제이용동의신청방법,애플콘텐츠이용료결제이용한도,데이터통화료상한제도,060정보료한도제
1146,2235,티전화 앱을 기존 전화 앱으로 변경하고 싶습니다,2,T전화아이폰,T전화설정방법,T전화모드유지,T전화설정방법,유선상품변경방법,
1147,1817,쓸데없는 문자가 자꾸만  와요,2,스팸문자,일500건SMS발송량제한,문자메시지서비스,휴대폰문자수발신실패조치방법,문자메시지서비스,메시지관련
1148,6186,내일 완납 해드릴게요.,1,요금부분납부방법,,,단말기할부금중도납부방법,,
1149,4343,지금사용,2,프리미엄패스1,,,퀵보이스신청방법,퀵보이스,퀵보이스차단서비스
1150,522,완납 하려고 합니다.,2,요금부분납부방법,요금수납내역확인방법,편의점요금납부,단말기할부금중도납부방법,,
1151,3354,누구 사전,2,NUGU서비스이용대상,NUGU서비스,NUGU서비스증권주가지수시세조회,NUGU서비스어학사전이용방법,NUGU서비스어학사전,
1152,531,로밍확인즘요...,2,로밍한사람간통화요금,로밍통화요금,로밍수신요금,T로밍카드내역확인,로밍요금확인시점,로밍통화내역열람
1153,5993,미납요금 납부가능일 등록하려고합니다,1,SKT미납센터연락처,미납이용정지,SKT해지미납센터연락처,요금납부일확인방법,,
1154,4395,부재중 전화가 안찍힙니다 방법을 알려주세요,2,통화중대기서비스,T_통화중대기,통화중대기서비스신청방법,T_부재중안내,,
1155,4860,이번호 드린 메일로 바꿔주실수있나요?,1,MMS,,,요금안내서변경방법,요금안내서발행유형자동변경해제방법,이메일상담
1156,2928,지금  롯데카드로  신청돼 있는지 궁금합니다,2,제휴카드할인,,,부가서비스가입내역확인방법,,
1157,3228,가입상품조정,2,가입상담예약방법,이동전화가입제한,Msafer서비스,요금제변경,유선상품변경방법,Btv사용자맞춤설정방법
1158,1225,데이터 몇 기가까지?,2,데이터추가사용방법,데이터통화료상한제도,,T_Giga인터넷,,
1159,825,선택약정 만기일 알고싶어,2,선택약정할인제도만료문자발송시기,선택약정할인제도가입조건,선택약정할인제도할인반환금부과대상,선택약정할인제도만료SMS발송시기,T데이터쿠폰사용기간,선택약정할인제도약정기간변경
1160,2569,타 통신사 이용고객도 t전화 사용 가능한가요,2,T전화이용방법,T전화아이폰,T전화설정방법,타사고객baroBox이용,인터넷TV가입(타사),T멤버십혜택(타사)
1161,827,미납요금납부가능일 말일로 해주실수있나요,2,SKT미납센터연락처,미납이용정지,SKT해지미납센터연락처,요금납부일확인방법,,
1162,4675,미납요금을 카드로 일부하고 현금으로 나머지처리될까요?,1,SKT미납센터연락처,미납이용정지,미납직권해지,과납,휴대폰결제연체가산금,단말기할부금중도납부방법
1163,4250,약정 신청하기,2,요금약정할인제도,,,데이터결합약정할인신청방법,가입상담예약방법,
1164,2774,"skt 유심을 새로 산 아이폰에 바꾸어 꼈더니 네트워크가 안잡히고, 서비스 없음이라고 떠요",2,USIM기기변경방법,USIM카드교품방법,USIM카드구매방법,로밍중USIM변경,USIM기변방법,
1165,508,11월 말일전까지 납부하겠습니다,2,요금납부일확인방법,과납,,단말기할부금중도납부방법,,
1166,5997,내일까지 완납이 힘들어서,1,부가사용금액,과납,편의점요금납부,단말기할부금중도납부방법,,
1167,2307,장기 가입 쿠폰 사용 할레,2,T데이터쿠폰등록방법,T쿠폰구매방법,T쿠폰,장기가입고객할인제도,유선장기일시정지,장기미사용휴대폰결제차단
1168,1069,T전화 해제,2,T전화이용방법,T전화설정방법,T전화모드유지,비밀번호통화서비스해지방법,T전화탈퇴및서비스미사용,T전화
1169,706,미납금액 상담,2,SKT미납센터연락처,미납이용정지,미납직권해지,미납이용정지,SKT미납센터연락처,과납
1170,6219,제가 가입한 비용인가요?,1,이동전화가입제한,가입상담예약방법,이용계약증명서발급방법,가입비,,
1171,2278,자녀로밍신청조회,2,미성년자로밍,,,T로밍카드등록방법,미성년자로밍,
1172,4543,전달요금내역요,1,세금계산서신청방법,요금수납내역확인방법,과납,요금수납내역확인방법,,
1173,4690,완납하면 바로 사용가능할까요?,1,요금부분납부방법,요금수납내역확인방법,편의점요금납부,단말기할부금중도납부방법,,
1174,5962,네 그전에입금할수도있구요,1,이용계약증명서발급방법,이동전화가입제한,가입상담예약방법,신규가입구비서류,가입비,
1175,1489,선물받은 쿠폰 등록해죠,2,데이터리필하기쿠폰유효기간,데이터리필하기선물받은리필쿠폰소멸,T데이터쿠폰등록기간,T끼리데이터선물하기받은데이터사용방법,,
1176,2612,지금 입금 했는데 확인해줘,2,과납,부가사용금액,요금납부일확인방법,요금수납내역확인방법,,
1177,3055,구글 요금 못나가게 잠금했는데 풀어주세요,2,구글Play스토어고객센터,통신과금선결제이용방법,,NUGUCHIPS잠금화면,,
1178,2316,오늘 납부 가능한가요?,2,부가사용금액,편의점요금납부,요금수납내역확인방법,요금납부일확인방법,단말기할부금중도납부방법,
1179,6206,요금이 많아서요,1,요금부분납부방법,요금수납내역확인방법,기타요금,부가사용금액,,
1180,3309,선택 약정할인문의,2,선택약정할인제도약정기간변경,선택약정할인제도만료문자발송시기,주민등록번호정정,Btv선택,선택약정할인제도가입조건,
1181,6396,아이폰15요,1,아이폰기기변경상담,휴대폰기기변경방법,T안심보상,TAll케어플러스i150,TAll케어플러스150,분실파손i150
1182,3211,월정액 요금이 얼마인지,2,Btv지상파월정액,,,Btv월정액,Btv요금제,
1183,2352,빌청구서에는  아직 명시돠어 있던데,2,빌레터통신비안심,빌레터통신비안심신청방법,요금안내서BillLetter,요금안내서BillLetter,요금안내서BillLetter앱설치방법,
1184,701,요금이 더많이 나왔어요 저번달보다,2,요금부분납부방법,요금수납내역확인방법,부가사용금액,데이터추가사용방법,,
1185,3914,기존에 쓰던 유심을 옮겨서 계속 쓰고 싶어요,2,USIM기기변경방법,USIM카드교품방법,USIM카드구매방법,USIM기변방법,로밍중USIM변경,USIM카드교품방법
1186,5132,매월 다 합쳐서 10일을 초과할 경우에 요금 나옵니까,1,실시간요금상세내역,,,T아이폰케어10,,
1187,4295,녹음된것도 확인되나요?,2,T전화녹음파일확인방법,T전화통화녹음기능,,T전화통화녹음기능,T전화녹음파일확인방법,통화내역열람방법
1188,3869,원패스 요금제,2,원패스제공국가,원패스기준시간,원패스잔여량확인,원패스기준시간,원플러스컬러링,T원넘버
1189,4889,이번달요금에 부가사용내역이 있는데요 어디쓴건지 알수있나요 ?,1,부가사용금액,편의점요금납부,요금수납내역확인방법,콘텐츠이용료구매내역확인방법,부가서비스가입내역확인방법,부가사용금액
1190,639,유심을 꼽아도 전화가 안되요.,2,USIM기기변경방법,USIM카드교품방법,USIM카드구매방법,로밍중USIM변경,USIM기변방법,
1191,2936,10월 휴대폰결제,2,휴대폰결제이용가능대상,휴대폰결제이용동의신청방법,콘텐츠이용료구매내역확인방법,결제관련,,
1192,6261,그럼  핸드폰 부가내역 (핸드폰결제) 미리 결제 할수있나요?,1,휴대폰결제이용동의신청방법,,,콘텐츠이용료구매내역확인방법,부가서비스가입내역확인방법,애플콘텐츠이용료결제내역확인방법
1193,2748,세이프케이씨가입취소해주세요,2,PASS세이프가드,세이프캐시,세이프캐시신청방법,세이프캐시해지방법,PASS신용지키미해지방법,
1194,2694,분실가입해제,2,분실폰찾기개인정보삭제,분실폰찾기알람,분실폰찾기위치조회,분실정지해제방법,,
1195,628,티브이 연결방법,2,Btv유튜브시청방법,BtvTV앱,모바일Btv앱,연결관련,전화상담사연결,
1196,4242,보험이 오늘부터 시행된다는데  해약하고 싶읍니진,2,단말보험가입방법,휴대폰보험보상신청방법,단말보험해지방법,단말보험해지방법,Btv월정액해지방법,이동전화해지방법
1197,2389,로밍이용방법,2,로밍통화요금,로밍중전화발신방법,로밍중휴대폰기능사용요금,T로밍카드,T로밍고객센터,로밍중LTE데이터이용방법
1198,3707,상담원 문의,2,SK텔레콤고객센터운영시간,전화상담사연결,T멤버십구매상품(구.초콜릿)상담센터,전화상담사연결,제조사AS센터연락처,SK텔레콤고객센터운영시간
1199,4296,발신통화가안되요,2,발신번호표시신청방법,발신번호표시,T전화발신자정보읽어주기설정,휴대폰전화수발신불가조치방법,집전화수발신불가조치방법,발신금지서비스
1200,3068,로밍. 상품,2,로밍한사람간통화요금,T로밍청구내역서,로밍통화요금,T로밍카드,가족로밍,T로밍고객센터
1201,6002,요금이두달이나19천원넘게나와서궁금해서요,1,선불폰,선불폰충전금액별이용기간,목소리인증,Btv19월정액,,
1202,2677,나 선물 줘잉,2,가족간데이터자동선물하기,T끼리데이터선물하기연령,T끼리데이터선물하기대상,T끼리데이터선물조르기방법,T로밍카드선물,T끼리데이터선물하기받은데이터사용방법
1203,6578,저 휴대폰 결제 한도가 있는데 한도초과로 나오는데 확인되나요,1,휴대폰결제이용가능대상,휴대폰결제이용동의신청방법,,법인휴대폰결제이용한도,애플콘텐츠이용료결제이용한도,데이터통화료상한제도
1204,3991,해지한 번호의 요금을 납부했네요,2,이동전화해지방법,자동납부해지방법,유선해지방법,콘텐츠이용료결제취소방법,,
1205,3120,세븐틴이 너무 잘생겼어요,2,SK세븐모바일,,,0틴플랜요금제,0틴5G요금제,
1206,6160,미납금액 얼마를 내야 정지가 안되나요?,1,SKT미납센터연락처,미납이용정지,미납직권해지,미납이용정지,,
1207,1405,kt m모바일이 아닌가요?,2,mVoIP,,,SK세븐모바일,BtvMBN월정액,mVoIP
1208,6746,요금이 많이나와서요,1,요금부분납부방법,요금수납내역확인방법,기타요금,부가사용금액,,
1209,5093,또 사용료가 청구되는건 아닌가 합니다,1,부가사용금액,과납,,과납,,
1210,409,t전화 최근통화목록에 수신전화가 뜨지 않아요,2,T전화음성으로전화하기,T전화스팸기능,T전화모드유지,T전화최근기록보기설정,T전화아이폰최근기록표시정책,T전화채티대화이력삭제
1211,4837,문자받아서 당황스러워서,1,등기문자,문자메시지서비스,문자매니저,문자메시지서비스,휴대폰문자수발신실패조치방법,메시지관련
1212,1183,국제전화 받는법,2,국제전화알림Biz레터링,국제전화청구주기,국제전화사업자선택,국제전화청구주기,국제전화알림Biz레터링,
1213,4612,신용카드로 할께요,1,제휴카드할인,동일신용카드월5회수납제한,,결제관련,,
1214,6164,이번 요금을 언제까지 납부하면 되는지요?,1,편의점요금납부,부가사용금액,요금수납내역확인방법,요금납부일확인방법,단말기할부금중도납부방법,
1215,4344,요금을 너무많이 입금했는데,2,요금부분납부방법,요금수납내역확인방법,과납,과납,,
1216,2545,요금 조회 문의할게,2,요금수납내역확인방법,요금부분납부방법,기타요금,실시간요금상세내역,조회관련,자녀요금조회방법
1217,3567,매일 알림서비스 요청,2,요금제변경가능일알림서비스신청방법,,,웹발신알림,,
1218,6650,"네, 1년 약정할인신청해야겠습니다",1,요금약정할인제도,,,데이터결합약정할인신청방법,신규가입구비서류,
1219,3850,휴대폰결제 한도 상향문의,2,휴대폰결제이용가능대상,휴대폰결제이용동의신청방법,콘텐츠이용료가능대상,애플콘텐츠이용료결제이용한도,법인휴대폰결제이용한도,데이터통화료상한제도
1220,5513,왜 미납이 2개월이 되었는지 확인하고싶습니다,1,SKT미납센터연락처,미납이용정지,미납직권해지,미납이용정지,분실파손2,과납
1221,5560,자동결제등록된,1,휴대폰결제이용가능대상,자동휴대폰결제차단방법,,자동휴대폰결제차단방법,자동휴대폰결제차단해제방법,법인폰자동납부내역조회방법
1222,2811,로밍 신청했는데 통화료가 많이 나와서 문의드려요,2,T로밍청구내역서,로밍중발신번호표시,,데이터로밍요금,로밍통화요금,로밍통화요금발생시점
1223,1280,선택약정이 만료일이 되었기에 다시 신청하는거에요 적용시켜주세요,2,선택약정할인제도만료문자발송시기,선택약정할인제도가입조건,선택약정할인제도할인반환금부과대상,선택약정할인제도재가입조건,,
1224,1586,24일에 납부가능한가요 그날이 급여라 부탁드립니다,2,요금납부일확인방법,과납,부가사용금액,,,
1225,6013,2021년 4월부터 36개월 할부 진행건이 있는데,1,단말기할부,단말기할부금중도납부방법,,,,
1226,4354,감사합니다  그리고 저희 아이들 2명 요금도 상담가능한가요,2,T가족모아데이터신청방법,,,,,
1227,2329,11월 24일 납부가능,2,요금수납내역확인방법,편의점요금납부,과납,,,
1228,2433,독도는 누구땅 인가요?,2,NUGU디바이스적색등오류,NUGU서비스앱디바이스연결실패조치방법,NUGU서비스스마트폰연결방법,,,
1229,6366,1. 김천 2. 860515,1,선불폰충전금액별이용기간,선불폰,선불폰충전취소방법,,,
1230,1240,요금고지서 부가세1900원은 뭘까요??,2,세금계산서신청방법,세금계산서재발행방법,요금부분납부방법,,,
1231,2549,롯데월드 할인,2,Tworld,Tworld아이디비밀번호찾기방법,Tworld문자보내기이용방법,,,
1232,4510,내일15일 입금 하겠습니다,1,요금납부일확인방법,실시간요금상세내역,,,,
1233,3682,16일에  납부 가능해요,2,과납,부가사용금액,편의점요금납부,,,
1234,5798,알겠어요 문자 전용 계좌 하믄 되쥬,1,스팸문자,문자매니저,문자메시지서비스,,,
1235,2120,15일납부 가능,2,요금납부일확인방법,,,,,
1236,2096,미남 요금이 없습니다 다시 한번 확인해 주세요,2,다자녀할인제도,,,,,
1237,780,브로드밴드 고객센터 통화가 안되요,2,SK브로드밴드고객센터,band데이터요금제,band데이터6.5G,,,
1238,1346,갑자기요금이많이나와네요,2,요금납부일확인방법,,,,,
1239,4235,납부 가능일 12월,2,요금납부일확인방법,,,,,
1240,2193,쿠폰선물하기는 한달사용제한이 있나요?,2,데이터리필하기쿠폰유효기간,T데이터쿠폰잔액조회방법,T데이터쿠폰사용기간,,,
1241,5300,감사합니다 상담 종료해도 될것같습니다,1,전화상담사연결,SK텔레콤고객센터운영시간,,,,
1242,5105,11월19일까지 납부가능합니다,1,요금납부일확인방법,,,,,
1243,5752,세이프만해지요,1,세이프캐시,PASS세이프가드,세이프캐시신청방법,,,
1244,5048,석주연 690211,1,T멤버십T우주Lite회원,T우주패스핫픽,T우주패스slim연간,,,
1245,535,11월25일이 지나야  미납요금  납부가능합니다,2,SKT미납센터연락처,미납이용정지,SKT해지미납센터연락처,,,
1246,4621,25일까지 입금,1,과납,요금납부일확인방법,,,,
1247,4084,3655  8401 미납요금,2,SKT미납센터연락처,미납이용정지,미납직권해지,,,
1248,1901,유심 빼면 문자 못보나요?  문자 수발신 문의가 아니라  기존에 받았던 문자를  볼수 있느냐? 질문입니다,2,USIM카드구매방법,USIM기기변경방법,USIM카드교품방법,,,
1249,6102,1달 사용으로 알고있습니다.,1,실시간요금상세내역,요금납부일확인방법,부가사용금액,,,
1250,4842,아 해와로밍 때문이군요,1,T로밍청구내역서,로밍한사람간통화요금,로밍통화요금,,,
1251,6361,기업은행으로 부탁드립니다,1,SK텔레콤고객센터운영시간,전화상담사연결,타통신사고객센터,,,
1252,1432,23일 납부가능,2,요금납부일확인방법,,,,,
1253,6127,당월청구요금이 얼마인강,1,과납,,,,,
1254,6546,주민욱 880812 입니다,1,주민등록번호정정,요금안내서주소변경방법,주식서비스해지방법,,,
1255,6633,네~ 이름권원경 주민번호810215 입니다,1,주민등록번호정정,요금안내서주소변경방법,주식서비스해지방법,,,
1256,6088,다른게 아니라  지난달 휴대폰결제만 미리 할수있을까요?,1,휴대폰결제이용동의신청방법,휴대폰결제이용가능대상,콘텐츠이용료구매내역확인방법,,,
1257,559,20일까지 요금 내면 안될까요?,2,요금납부일확인방법,,,,,
1258,5540,계좌번호 있습니딘,1,SK텔레콤고객센터운영시간,전화상담사연결,제조사AS센터연락처,,,
1259,2029,미납요금납부일 몇회까등록가능한지,2,SKT미납센터연락처,미납이용정지,미납직권해지,,,
1260,3498,15일까지 납부가능한가요,2,과납,요금납부일확인방법,부가사용금액,,,
1261,3351,문자보네기,2,문자매니저,문자메시지서비스,등기문자,,,
1262,3185,010. 2041 0397  미납요금 낼려는데 가상계좌,2,SKT미납센터연락처,미납이용정지,미납직권해지,,,
1263,3917,날짜를 더뒤로 미루면 안될까요?,2,요금납부일확인방법,,,,,
1264,5230,말일.30일까지요. 그안에도 되면빠른시이내에입금가능해요,1,이용계약증명서발급방법,,,,,
1265,2334,11월 28일 납부금 입금전용계좌,2,과납,세금계산서신청방법,부가사용금액,,,
1266,4913,"납부가능일 25일이후될까요,",1,요금납부일확인방법,,,,,
1267,6103,녜   알겠습니다  신경써서  열심히 사용하고 있는데 청구서에  할인 되었다는 표시가  안 보여서요,1,스팸ARS차단플러스신청방법,채티서비스,퀵보이스신청방법,,,
1268,5664,요금 할인이 안되고 있습니다,1,세금계산서신청방법,세금계산서재발행방법,,,,
1269,5888,정기결제일이라 해지가 안되나요?,1,휴대폰결제취소방법,,,,,
1270,4032,정지호는 누구야?,2,일시정지,일시정지해제방법,유선일시정지신청/해제방법,,,
1271,1794,따로 금액발생 되는거 아니죠?,2,과납,부가사용금액,편의점요금납부,,,
1272,4453,15일에 납부 가능합니다!,1,부가사용금액,과납,편의점요금납부,,,
1273,1219,이용요금이 이게맞나 궁금합니다,2,부가사용금액,,,,,
